"hdi","gdppcap08","literacy","lifeex_total","pop_65_older","pop_0_14","fertility","effectiveness","free_overall","unnetuse","pop_total","sexratio","oil","spendmil","frac_eth","pop_urban","spendhealth","spendeduc","pop_15_64","dem_score"
0.498957918913438,-20831.0953124283,71.4234978682014,64.351254191189,10.1557245384013,17.1943808226635,-1.1725421449454,7.10455082238877,40.278405719726,15.9176459071889,158.361122936838,109.00455711571,42849.505086954,4.85426872070673,0.419102212408361,57.071003538166,7.89651474209771,0.0905874455775959,66.8035365136313,3.53233768702672
0.802398772251008,16175.1085873328,86.8864920434089,68.6463080020569,5.85299247290739,28.6785588934827,3.74777121266312,32.9477937645577,52.1058580890291,39.0441907482028,132.843469598819,99.4938443752979,102667.111387153,3.44570503091136,0.76542829177272,108.650171469087,-0.0489140089269346,1.78145611397166,69.4683460169469,4.26250345963304
0.622616330874293,23716.8925132331,80.2453544225815,68.4268624477874,2.21260879485614,39.3841896730405,5.08034621091523,54.0849185391334,61.3080060020436,41.2684267134603,-3.15301843288963,104.922402348986,991588.688735005,1.72190541001259,0.204794942835394,90.1827564114786,2.0138442071658,3.34078190919117,66.8270716218663,4.76912393091809
0.891682969952407,10321.106517778,83.0608513087502,73.4159901943266,12.3011892712865,32.4926050528484,2.45071868748423,80.8405752334753,60.9948563048614,71.8521257454684,91.2187257283822,119.882302424864,23023.8376239946,0.861217517485255,0.757263757733666,76.3795624162258,1.34400753489359,6.10046052227755,63.1524028929885,6.78746579782457
0.622125089524689,12121.6558184674,74.1527091103177,69.5408110084485,7.88943460456856,35.7569659079415,2.54174868554154,83.9878571809429,65.5245649262662,30.6868281261067,180.173964776535,114.917387751401,625094.377429107,1.97530802736602,0.0945116683216409,39.3197961554375,6.1106016475849,3.76708333192717,65.7517315818016,5.75238118489271
0.72229712497041,14766.669057883,89.2705383471591,78.4457704183194,6.73812818299398,32.3001737824841,3.98784398967566,48.6250891642545,58.1320711554639,52.9726927794774,109.356559614598,115.692177303289,959517.489113535,3.07489007041594,1.02894644785146,49.3995153898282,3.47219077978427,4.25598572108833,64.6130865411394,4.25787853359221
0.558460358299885,-11976.5000790092,64.4446384316512,61.5121048045171,8.04468984049154,39.8372632022019,1.78284298725202,26.961720490221,64.4334297134928,24.8943472070249,143.48933046908,107.357768956373,-259731.042873542,2.4244330449385,0.726809092169725,52.9431234886776,4.25747241213259,3.68522705427233,61.7154902916011,3.83085895964453
0.691421804450255,4586.19881788297,82.0039856724838,68.1591718523986,1.1518313311489,39.8696797715306,5.15722725832768,46.9999467737482,58.1692484558168,39.709454066924,102.267321898371,95.6181887212434,599369.264791784,-0.425476521711023,0.66917312543777,72.3277093987571,4.26768342202713,2.38914360268121,69.6411629296711,3.96461258147819
0.491116410730125,-8614.77242429976,63.3910257158771,56.7175539170056,2.01490352790435,33.0829714303356,1.75159112434828,8.35156460290496,46.7764865960909,-4.14374499390661,-92.7022855217303,105.533005716704,399160.434180111,1.46151457396428,0.462366812706964,28.2291572237963,0.161090923975179,4.85483367072464,64.4600999606098,1.81050815175289
0.358612234121555,-18303.3734314076,25.5973322057739,50.3127294384525,-4.1274063492387,56.983955026563,3.59359277064529,-0.40048858399566,44.9634423287304,-2.87429727120717,-63.6135976076319,110.769854285928,-1026479.3039877,2.19693860378483,0.541144015737229,60.004107043109,-0.216520080834939,4.05212239397736,70.1923934178567,1.0530148379616
0.164170315952128,-13639.1976756903,44.982238887687,49.9027486965651,-2.66488260711043,46.2356802892808,2.59385243184604,-10.5131269879737,43.650268322514,3.00420112957283,-50.5935088188354,109.746649478597,1080591.7862647,2.01887598470653,0.199203901323494,54.9571533278251,10.9199712637592,3.57331398492732,64.1350397166956,1.44755966134502
0.681930055440831,30046.2802238107,91.0835115584868,77.6448253192315,12.0273475995952,17.4801935159203,1.12816937837739,55.6120458330256,72.2918510182147,36.9749146700671,-202.092930429852,104.066217353299,871105.216360157,2.05645922524781,0.367182319813121,35.2403730451466,3.24196246352817,2.88890779151313,65.3090796340636,6.85261712913425
0.956292624723993,25712.0154864147,104.059862159636,80.3605096291116,7.82217769297362,29.8881375683067,5.54466855505699,62.4650479938328,66.4126345734501,48.4764170155336,333.377305055338,100.691672303739,-381412.960106382,4.33321835066112,0.274392337483494,76.7570579187622,1.96155120734234,4.71627118567368,62.4009111837237,6.90200002084659
0.442492341006301,-3405.09178671403,51.4658898249301,57.0866834078936,-0.648428248299151,32.7567359490042,2.30077275987404,3.4744346660982,45.7739838952223,-19.903049337633,1.97379038566523,100.896767407632,314275.266393265,0.294034397312976,0.102323725527844,27.8966711609202,3.39749363932904,3.81778891502121,59.38060953819,2.31178059212019
0.79874662076088,12848.0607462814,82.1531698293469,72.1566147016418,6.16794713442625,43.6969263034137,5.00367601058175,82.0127663065109,68.830138047282,66.2622641717115,74.7559595008823,111.22261363052,136754.226370593,1.28784986091955,0.265043606576004,82.7758965186659,0.688436311791945,5.64722844259347,71.2612340188654,5.16305348551577
0.926708820118966,30694.3421301358,112.548551664149,83.8976365849797,16.4042599970143,27.5499508918681,2.48890585378341,113.749403810716,79.9558033401383,109.084026659345,-86.3157919280422,104.378978738248,855802.180662898,0.486504134941071,0.226922644061821,61.9057471790113,9.9926975133323,5.12976213101781,67.9122567522294,9.47579467813294
0.74994737317778,14199.0044138816,83.2847042354866,75.0806663949197,0.378239312866175,32.895707394555,4.49503383996423,45.7321700669975,56.3981313588476,9.53749188299336,-93.7348043934772,111.147737356178,683357.6691536,2.47412388599392,0.235168508522647,52.5937545588118,4.94381724963652,2.75189441435006,59.0649060967826,4.60511097082136
0.449014000631985,-16472.4298123008,53.386269199279,54.4790580568572,1.67459511484724,41.3224878200072,2.59774053333439,21.1514511384777,42.9713926706305,-1.15263189339406,167.594578777916,104.320400946118,-341247.911533821,0.46204950651439,0.30494475178811,68.9215165018101,6.93149939840723,2.50911956881588,61.8869469656709,2.78766309818818
0.606678760838226,-2073.79486104011,72.0990800182234,68.8408969892859,5.24396591609377,45.5443123048421,3.57355478009702,60.9072152315351,64.3295983202775,51.889315680734,162.108821522028,109.466639119788,-523952.361906074,2.8832769789435,0.0737930450407001,68.6969788074151,3.90244655412846,2.98816504437615,65.3731453139426,5.17842739365419
0.691295068025779,2768.7322682443,73.1073727377186,58.4721325085009,17.6649168925558,13.8864372862932,-1.45058588005823,25.3293053719115,58.2028162697479,36.0914556508655,-9.66761271890994,101.070692504534,-474271.418395016,0.166357032679458,0.433802654764709,47.6276794984494,6.82450329904621,6.41125604396602,65.61848301231,6.16558595149837
0.830724385490127,18097.5738535999,105.650277659014,86.4697802446085,3.85933616091024,37.3961177228628,5.19518123600919,33.1990700460915,67.1987437348232,65.1731535077968,36.7690866464217,99.5202108996279,-639663.24100503,2.9474183895671,0.823074876452584,44.4704999777534,1.90498806743089,1.26560152556846,64.4248806474682,5.34252319996737
0.761344074464382,24769.0618404123,92.5810073891087,71.0013962789683,10.394266481342,23.0374966893192,2.77739197524261,54.4068224080204,63.0357820173071,41.516660152645,-38.2922556993519,101.911621689108,122548.394023293,4.44564428626148,0.482150363609655,47.8996873791832,2.16820623066429,4.44232059247288,75.9119397356759,4.93982380443397
0.422248988211958,994.013821709781,70.407640266476,64.0683554522114,-2.22558067883562,53.0955805441927,5.50272252393673,53.0226705569815,47.7265190151151,43.8487364135918,-0.618582382362511,107.462110727776,386295.592857811,4.19417062156696,0.0298573362909548,78.6109282867799,7.52439328292697,4.33060025768334,64.6627826967243,3.34806105623637
1.04928559329504,46425.7485452,99.6257230345391,77.148517326136,18.4419803276969,10.7561010615758,0.615917843323502,65.841137173016,70.6134351188904,67.0850744082371,-136.528927829474,107.375789371944,-594429.466915392,4.62817241190442,0.356078086668643,51.9233032789287,1.44400586358212,5.0939947495316,59.5707969883139,8.58404131523207
0.550534046919237,10671.5388917112,70.5279859850426,67.9838525160495,0.583566254446099,31.1906390108355,4.10833788969568,21.0202072171395,43.4640833980185,-15.46073386423,-138.56140156618,109.823771478221,-735325.539877539,5.56245593645761,0.0422300923913286,26.092877515703,4.62115995767055,4.17332112240759,64.5833089817767,2.37099534339746
0.312927267142603,-20683.8023744365,47.191173135874,55.1523673231425,-0.2060054299406,51.6359022180486,3.46690824981241,21.4612868870507,38.1543596354545,16.476481048259,-123.114458908838,104.021032432125,-336564.42666551,-0.350996208501055,0.476220474147385,55.6983310042651,3.84252314188304,7.57540542346339,66.9366987113848,1.5613158476798
0.859308507509149,27612.064262683,119.485923938183,84.3220600547368,17.5354046893204,11.835666467795,0.771354245583575,75.7467226033156,68.2789193137055,72.4127148251139,61.5015206982196,105.413661109268,308678.640899755,3.15268233340556,0.427173596123114,31.6578549386551,9.29839011202109,2.81133491401209,58.9704097519288,8.54855960566108
0.698054143037936,5606.24402835264,79.3742265853373,74.1446496480725,6.51927233132541,28.1501969190316,1.86234634506376,44.2793123981097,61.4698763118661,45.1017701687017,170.223891136839,107.144741468428,1245400.73387099,0.557796610009991,0.401130458959872,43.1159893808197,1.52386829876567,2.4519420595579,60.3781240646921,4.51432481316386
0.781638360752689,17047.3577445731,83.1969334264647,70.4790110475437,2.76288232703862,37.4867504914619,4.62486128013198,35.7791978934138,62.2087305330216,53.1598422754436,245.627283684124,101.899793215097,-226385.120118527,4.91638318253671,0.611312905286219,46.4249793911793,2.92666505804366,1.593305212946,58.0729064322134,5.04818510968536
0.732821896360559,19116.0560137334,87.8711403604376,80.5659068783559,6.00708270673314,39.4032880710483,4.97764959152648,61.2144039980975,61.5215019142686,66.8652803972028,270.74426848077,107.574731413772,373017.075090846,1.7390244758669,0.95188049471119,58.54847875087,2.96764431788743,3.34419347402568,59.4710304465354,5.84242301116917
0.59712670673767,1481.2352412066,66.1688191393594,76.8633917875598,2.62425992506739,42.8124361818671,3.41172858984329,83.6638547778329,48.6483016359039,44.8460673372086,143.907213751266,110.343165133184,-546780.935024457,0.362987433191095,0.0543363233256453,20.193036699985,4.50786147404297,1.86882707704079,60.3515554093322,4.54224291703409
0.79763420532076,19750.3670266128,92.6243551828101,79.8353528657471,12.3856447287432,15.211157662383,1.69662727279864,40.6414482994469,63.8799143292256,56.8338483027917,121.21293923714,103.013373051625,663711.3520296,1.65567110662805,0.598757918313782,55.7520227591856,2.15850042502159,2.69219778470619,72.6761879240244,5.80327902002915
0.773630875498515,10799.4233503578,89.2598186486324,79.3674666212003,7.72508089208972,20.162827414949,2.17923321188137,42.9651791511339,60.2514860491998,38.7536009868209,32.1460135242672,114.653895067636,1086938.15259655,3.07648883847336,0.488873279513373,57.5349582373844,4.70075528486297,3.117458166476,62.8023967381044,5.75101062936319
0.596048910404546,5355.7089982434,61.0851925164069,59.3843581303111,4.92819037534842,22.6725252800932,2.12315093586336,16.0689775571178,39.6604323425172,-21.2609120553257,36.1436535314307,105.552594052416,-295567.919855088,2.23818408709957,0.272209689621278,77.4144106744711,1.1117389343712,4.65085576968275,62.9803072421694,3.04247889967757
0.978345049927183,24914.7290898998,102.784222267883,86.3716045072624,12.3752225916586,8.39092761780348,2.43460989150545,40.4182322981211,69.0305379534239,26.1073765536211,73.023343481476,98.9110831941619,966468.178668814,2.03936893134919,0.748248764747696,42.9029417135386,0.241704517226343,2.83039437689819,67.4446622970515,6.8741896289886
0.865154210850418,17062.4825270561,82.2467845899986,79.5241116933847,14.1474506192096,34.0521198916137,2.27296660991103,87.3027412558091,80.7786030478105,78.026559214866,62.3863945788361,110.481943201275,972658.100757546,1.59881604597274,0.629383740134629,72.190678519984,4.93267232851028,3.5443075107352,67.6435035511871,7.62868808150447
0.644165898236448,-155.054426907986,58.6622403047327,56.8829793122019,8.2946184992931,31.4210525331479,0.9834852708901,42.317492437635,46.7394232891882,32.0054566862204,-30.6407948962275,112.358703004329,-631083.384985859,1.66680627277316,0.597507791626046,36.4283659619975,6.01596547028502,5.02672169908333,64.3580744885998,4.4307868392516
0.823520759835828,-411.015224826591,63.1520819077707,63.8103630629168,-0.483449169962306,31.1382714537347,3.86119883392341,15.0427549528473,33.9182533455157,16.9832342108769,140.006487216957,111.425043598767,-239389.251933068,1.77691995657092,0.847154432986482,67.8767683648741,3.73273673615445,3.06803816298376,51.413591319264,2.5073159249487
0.640177833274271,-5723.11657502317,52.6690571729417,59.1974884906162,7.81236616047933,21.0511058378688,1.02148539638322,12.0853574862599,53.2483199332465,9.48620716362687,196.593735095286,109.533904304921,551754.628583679,0.474966715208899,0.285715936742758,80.5637552834818,1.64826595203636,4.88492753555448,65.5434410710849,3.49613623339218
1.06735705274361,37008.4654408738,115.51203127506,91.9667669051675,17.8893551291651,4.75614847703412,1.08797899480393,65.9326309127027,81.4024527711708,57.1173825446258,75.5369931313193,108.990953822853,565449.107040933,1.78711228329262,0.310328364825955,-0.5259600303634,9.61110607409235,3.1339984753572,59.3031921310564,8.49870302538341
0.714688043602457,11210.3236932533,58.8725669705973,69.2207875403093,6.35684849790702,25.6157635600923,1.22475068347297,56.1179192816042,46.8492212466814,21.6967258959686,-44.9252751756943,110.332291449449,961801.203490696,2.36401431058008,0.291127252116752,66.2460260782268,0.577575484363253,0.746381152104094,62.2700812528177,4.4575255297237
0.785237151369419,1099.25251366665,86.3708238114643,72.8586825362352,8.5207708672934,38.4361329194006,2.92165845761319,78.2647040458104,62.6566535918293,54.877414594537,-12.4926806733538,105.556459009705,553386.739727089,-1.43042883817495,1.25892424242259,75.4439408421649,5.30570903169239,2.83544471612345,72.3126926954018,5.64168121792973
0.844737155895758,31018.3694995468,109.691262857023,85.160733758781,15.5707583738905,21.7695550248586,2.50428163771822,77.8650943629764,65.927430735848,83.636982782793,-26.2991840602532,105.337422801925,-682116.662379427,2.90405831680327,0.433511021608375,65.6254528482437,4.2821956738566,3.39723413051083,66.0405330542299,7.92387212939357
0.644039390264575,9851.39580740984,75.6906335433975,68.5823554222819,4.13845929014839,27.3398365042933,2.82229518519865,13.0426523057772,53.7997833958018,2.8368033287191,-53.7846282584599,100.864646973391,852010.277129423,2.72725919764428,0.543139620458464,83.0577677517561,4.86772794186583,2.66832985309194,62.051787341913,2.94676771426496
0.613499134200777,120.902977780166,65.9101059176706,66.3414256054093,7.1304237899127,26.0586376979297,2.12809859088384,42.1839306767729,43.9379945633261,12.2956327975979,344.132276618181,105.843414138735,-199431.578201855,3.75117924803532,0.166137130078692,69.0764743099655,5.13151906050748,2.73150154206479,61.5057173204324,4.63258318324673
0.842216747836712,17196.9377452159,102.915805732969,83.3476851003109,13.7768205770035,7.89734013167966,1.29225117936712,51.5533676871157,56.2354598907184,12.658440145508,140.469224054754,110.214883428257,-197491.505766106,2.93703217150007,0.116929050698421,35.8554743907213,3.0651579309969,2.66236688158861,60.8955704574555,6.60075609318716
0.814262772610777,27531.0777632674,98.2248277205258,71.4343618328273,14.8389248704084,15.7436829043455,1.45554801618432,48.989561990131,63.0330943664756,22.4405192938034,-88.1530849803971,97.8220400378571,-236123.563651094,3.00650420955962,0.429233858290059,61.2812478267833,8.13730629665833,2.91131204552987,62.3039697570618,7.04775045729229
0.605972057422936,18383.6429628219,79.874990213069,64.033136875609,9.38391658585485,14.2259967620288,1.58662667591358,24.4242818276594,48.3961237295701,3.19945561911949,-142.082202839465,102.157352727736,138248.343684214,2.15669253694713,0.338623381574481,50.3309032897374,4.76527606559965,6.08398315773011,64.9141134988126,5.0542824391654
0.80374962260868,17856.4643956896,81.3856537641456,72.6493019269471,6.89612644613205,23.027624184471,2.50284152665758,48.3428314117192,57.4249150836739,29.2678186916899,47.9766577860675,104.62753249959,-372353.83588852,2.54827127806003,0.224016760909066,48.8313511802699,0.261852266148427,3.65755018138132,54.5257536930508,4.72309354476435
0.767379914332938,14026.102821548,79.0264149298212,80.2909862791644,12.4352135067235,27.9080636278831,2.54331440608367,72.1900001616723,67.8249672674066,64.6019077547627,164.52445783343,100.770417675626,-42766.8721705727,-0.406536661734587,0.35440915704129,50.1778500165009,2.65933680579424,4.41471071502754,70.6897979477154,5.93614418443379
0.923375741535509,20363.0804462599,87.1242454941878,76.9429228717496,13.9501942174926,18.3297787988923,1.95488864423163,57.7518074841886,61.3639230746927,50.1261569927363,217.371976666273,112.799296638334,305988.447737681,2.61356184409378,0.712776328548297,58.6588954347463,4.2590694319664,3.52014527396151,61.8548950678251,6.35347756288558
0.613301162963293,15479.1360220825,82.3203799763765,71.5590564536942,5.67138260360398,31.4600544899598,4.04161650854287,50.622612809736,49.6330760462332,58.2229895533175,183.67044992378,106.345953137276,939780.935377169,4.21440971919847,0.363771140372267,71.9692806272209,2.78542602515819,4.05411605265918,65.3980873675928,4.42214351045336
0.724027589566833,16571.7609726918,76.9741596780072,67.8202934919744,0.822301818012984,37.2484041548443,4.03412760760416,55.0475295947544,55.5755840648617,49.9660124135129,2.41833868931652,110.782391872772,1181986.41407206,2.41547419162422,0.0168565134853746,87.6193898341879,5.27649768623389,4.81203102108161,54.0729035697176,4.38225367024966
0.895796836476771,32087.946372362,89.3985394832466,81.8506638158529,9.34242428297372,39.6067227216104,3.86447507465408,91.7126409628324,80.6564165668446,74.4034896068559,-91.2748007158993,112.598583471186,-160341.586154975,-0.0637272804519897,0.334371855040506,104.016252784251,0.750895340757666,2.61273913062745,61.4762263882466,7.38688614239749
1.17320933907131,51497.2280804462,125.112174847251,91.5704984750291,20.8483353650795,4.66655666612533,2.34703422909527,100.229353181447,76.1504405427801,92.2753989752666,184.708446391286,97.4254404115611,731364.557174424,3.27248705662506,0.630819831511534,52.7053986338598,1.749660336099,3.56504452239446,63.4527883028697,9.57561940387527
0.640987891641032,15054.1119569508,86.05878202193,70.9058470841279,5.13801105469966,33.7597243792113,3.19588019743442,52.2710764212195,60.8814681911484,42.0380776159513,-96.4619546164719,98.1709911711452,382155.569835499,0.937847315189546,0.271421610274615,40.0083232735205,8.31585736606271,3.02523546306492,60.7425254937444,4.83573355067182
0.620227738711146,-1974.85503982349,52.0727361788356,54.1199092531525,-1.45408147929782,47.5344278495763,4.58410020997382,23.7448311839625,43.0794284127897,24.6007665528966,-32.2961117404873,107.340239087916,-143268.824066195,1.67585544801512,0.935063075051607,39.4122502201112,5.7298711242083,6.4825240792969,66.3354575798366,2.67294021300072
0.36324144322128,784.922998040067,70.5055611939172,70.0985784224756,-3.32030927702706,38.5630729192863,4.13310337873861,30.2939396613888,37.1368182207237,3.60276320569945,-29.6941276655757,102.552839806808,175736.228726101,3.97246253165747,0.0296631257952806,47.5622836948102,0.84874912876174,2.02128801223925,63.404968525025,2.09430774584882
0.791455014458604,25246.4236949505,77.9163431451849,67.9523850356479,14.1089725894995,26.495116304606,1.16793706387715,57.7879135244494,57.8029067757165,86.6763182374578,-95.8668167293261,113.897766589458,395738.531824724,2.81035716188728,0.57459355449442,56.5421545355342,11.2025577051023,5.28813743180005,60.0969175525742,7.55049799341616
0.714727337635361,12383.255904335,87.2720189161512,70.5564460039505,5.27917870380542,41.2786893218649,3.87235939488262,66.3359140093315,55.189256795745,61.9533525829588,-46.6848547028709,115.549357845081,181579.666190126,5.45775276859122,0.603039332784993,57.5617944417185,5.08988167818562,3.12394322546351,62.0259168220884,4.01643584340821
0.647900142552295,-8282.29746796645,61.7379576165733,67.2490589115724,-3.69711776291652,54.1686052393735,5.05566328612916,45.7945215997335,67.7614177303033,44.3798717903677,149.077163141133,109.2682081464,846548.785832221,1.1311459605938,0.271566155442604,16.6448685572682,5.43470271989814,4.24071143348577,65.0014530965966,2.91682765895016
0.677179163293933,-7709.87535534658,65.970482348664,67.6630694845919,6.65243552932452,40.2790375887354,2.24891537331328,49.4025993121292,68.8557577618266,31.8654295038697,92.2811577791541,107.395235559484,-278125.325655135,0.360691094990353,-0.00679151851541776,91.4469439235887,4.09474035806633,1.49716809583673,60.0076281682698,5.51262096378782
0.887730028859833,37722.5767960206,94.0523590359131,77.3610864005697,9.3091407104351,24.98436585131,3.35051546412913,71.9554351585451,62.9894938343229,57.6932364963466,-92.7746374889894,101.948853767275,461630.407978505,4.06738757885827,0.374200274831598,89.4088088584534,6.20183545062981,2.73585631957118,61.989780751315,6.65039953157973
0.456643300194562,-16813.6972164077,50.6447924588496,57.1372407395019,3.5274109843214,31.0720147922757,1.65464936385569,1.56315248620324,32.3948826375766,0.992960395258734,-39.2022625203685,108.176327685035,77811.2048013181,2.38868281326171,0.515792103182042,68.142925373255,5.90372387453889,4.51263254787822,70.0931737241305,1
0.925936869098757,37326.8121577507,101.729128730277,86.7360601805133,6.84669369295701,37.9636257696903,5.21037106677233,94.2393013891348,74.9589638537205,82.44945844883,-9.54003952085005,107.751053321334,83113.7488138074,4.27361194519306,0.227213969683759,27.3370614316456,1.65526483038307,3.15802367179367,66.6577176315526,6.59414625534608
0.793832410758279,17997.4317480144,95.5876214976047,74.5739789256284,14.4703074708341,21.3625143335872,1.0381965454989,42.7935243508223,77.5339893266842,49.8273218666965,-41.2697141946148,106.026929130426,-959469.481591916,4.24660890371589,0.257945896642318,25.3314420566901,5.08340522380927,2.87283409730489,72.5645698389484,6.76686384226588
0.636910696304345,-2570.56183193875,56.3619847184133,65.9503777106755,4.332682764551,35.2323686729374,1.83779804970973,53.5430595267475,53.8763882365241,7.63499013518728,110.419715817837,109.819951971596,144516.801612052,0.982782671518023,0.0202671034284336,52.34011357959,4.66617742797017,1.17888495380091,66.9104986606261,4.3891809770113
0.845751749504323,10155.9336023257,91.288198511713,83.2810704980123,7.43238409567653,35.380192990637,3.74856903520852,56.2921537391979,74.6175845798051,82.1035573044347,128.451140740736,104.445347826847,778903.921243677,0.888340439880182,0.798325988266304,29.0770774368084,3.31836204058655,2.73602746238,72.8061169168078,6.11453288134129
0.98464008995752,32425.9824795025,104.092598790465,87.9850893906456,11.5959336598476,20.1561356105855,2.97342171665962,57.7701346800626,79.1274441660553,68.2159587892263,-16.7814022259825,112.877290315424,723104.126699002,3.2508028462602,0.452718546571442,34.4281137475552,3.42009531867546,3.32707296780344,56.4530578469826,7.80693397539621
0.744821763065296,10341.5213584458,94.5692602986133,79.7430345150026,4.82648723910317,31.6226744188433,3.58043967070908,85.4572032441955,65.8759000892173,23.6543853320843,62.2738559515938,105.469631016198,549246.653619646,2.5019653328218,0.338358190547058,43.3845000242085,2.87193771621345,0.70810289963462,64.0981473563062,5.49857736959235
0.826856109171092,21572.5598965794,84.2196160053871,80.6717908239137,7.56200423271569,30.5747844863701,4.86884045144826,48.2131186258884,54.479479658291,68.686805909434,196.976058674827,106.651140618295,40414.0818449334,3.16794290727389,0.614169871043091,78.4770809179724,6.22511152212878,3.73003043380979,68.3898504467688,5.67231590455893
0.606236980790448,20357.0816189797,68.1806190664111,71.503966801092,9.75442533857536,29.3184144257041,2.30958365571272,50.2326381809312,65.5307963452332,59.4349823247424,90.0541971183546,98.9451417733935,-65304.9585465188,0.940381259914198,0.281541196077985,36.4762220213039,2.33329459888622,4.40221597084287,63.2792460261933,5.70334859767194
0.853135253164969,24219.2649078453,74.6335201221013,74.230583577586,5.73956500829149,37.6686829032858,4.21020474725107,49.20982921437,72.9474410161731,43.0897956958706,13.5400483670141,110.407684278349,429143.971854029,2.95918061230575,0.574164767055131,41.5284588069991,4.18765844686621,5.73594592241805,55.7098769823935,4.87324346568647
0.533199569253094,15095.2442347806,66.2220553433469,67.9850637104021,4.79213786627642,14.2947170434726,1.7518096760854,15.3704515350745,42.5063802295298,-5.47995327148844,49.3102782212525,107.855001575797,1617161.95647569,0.0816279244246942,0.136661610057812,62.6124600305867,5.30641928613045,5.16788995792479,56.9294994449045,4.22213185751684
0.413584426402756,1261.12346222597,63.6007345727053,62.8284913236481,-1.91722992745296,34.7000578911957,3.98908641452525,7.85324965886196,52.8046273017375,-7.47243726821075,68.2265869831344,93.7768292007079,1038625.43464405,4.37730051289789,0.32007630239114,70.1890477914482,1.15591182979187,1.92903450670589,62.9501937891514,2.64157835453792
0.633809858001073,-2398.61821298606,76.546147108326,56.9831342033914,-4.55844994424714,47.492708761487,5.81607133402772,36.884151877977,56.2342999156343,0.982343858928658,185.868310656276,104.761048946855,601491.346090758,3.48613370144966,0.439389368637878,41.5230581408245,7.09113824005837,3.68280105970826,71.877419982515,3.20780540015735
0.709594548328867,12233.3139802211,83.184537828847,67.1483771946904,4.46576742148908,31.7937005198652,4.24119457585121,40.6928398894328,56.8289273649145,45.6917963030107,128.38572428135,101.422642249085,780251.846180525,2.87268310803366,0.313308249788676,78.2811124876866,6.13661362563257,4.83529022407101,69.6789616022245,4.72412075935948
0.579379293221186,15906.4445136906,68.4084028381768,62.063926214475,4.23969505809555,32.5739602163965,3.54059434085043,5.9780748248409,52.5163680463726,7.69113880411036,-25.578041904863,99.3008311732973,-125891.0474741,4.73961758583037,0.696926090063109,39.2381219682378,3.02018901907799,4.4761456020864,66.7447919567974,3.2883540990763
0.814747965534792,26398.2953671168,90.4422865898805,73.7955402539755,11.6010611141404,29.3729227512434,3.36405669737521,56.0062008232241,69.4683076624923,55.0828090367388,-66.433000782018,104.027069752705,-285870.156612615,1.57753794766835,0.897944821750397,95.1132701074824,-1.8107667121667,6.14386488029844,69.3456852999678,5.61761614486566
0.777508551113047,14593.6358217272,86.2672423541471,75.6006287946005,6.25468955151945,31.2613952433985,3.48648248562446,60.9250903600938,62.3243830599847,41.2558062192742,61.7050869513106,107.159363223299,-61172.1142917332,3.69416612102242,0.274779636268818,41.9897504601953,0.663551905323995,2.12431857251643,62.4006700548286,4.88153873419583
0.606895946196468,-3695.9932194373,45.9589817480376,65.6571022802103,10.845238673433,44.0718048617945,1.59429080172219,62.0439368098608,72.4824405123058,42.6774868359146,72.4784927253357,105.786951152177,-86937.5765315682,-1.70293766155856,0.518686142317599,69.6098802291682,-0.582501695956847,4.05434576267645,64.1413169683536,4.56393011386818
0.504513275605084,-6671.02472843398,67.4480077117331,58.7216499775174,7.90064425268954,38.6105027445938,1.62593222169098,30.8840981309835,65.3293943358825,8.32987540389095,-210.811359190883,99.2091818771506,-77305.6432827253,-0.541733752356486,0.307731829513493,69.7536075560935,3.81604142004464,4.64709347517343,67.7178264890918,3.30684776514819
0.798405472557417,21391.6338215089,85.3783068403041,76.5643363936248,6.12761109093096,32.4224532299094,4.5796512016394,61.2041206812848,57.2378317042865,40.5980947527562,132.587976127053,115.794210401673,-277941.745036208,3.94737256400778,0.0319180050433795,54.9791924699035,4.8193269727669,4.61050467789906,59.2502785174208,5.00230087214295
0.54368760005543,8770.29029086021,76.8188834804423,67.5871881325056,8.85052516074679,7.67755076965226,0.146648543518494,7.99221720394848,35.9593125093784,8.31103137892156,30.8762160218246,101.341215128969,741650.795826409,2.34630713754028,0.43136475547332,45.0587795425822,3.97483994666178,6.401640910752,53.0332897922755,4.13471220766704
0.755568431921501,27088.1466837899,109.044562513233,77.3247634551656,15.9955587823336,5.03140931368216,0.715502512154132,13.394524375231,45.6953551194249,40.1711450854111,2.7312782812288,99.6712642675567,-590962.474804138,4.43590294355641,0.915429877596158,60.7786564349346,6.85587502367008,2.94133443415247,59.247124017662,5.30332556184955
0.861401931359868,24287.7436219209,95.0885158273153,84.3039770060681,14.4654140782909,19.7852932125602,0.70083181710607,78.9904390216335,68.5588791708471,54.7655791030867,-143.116646369456,112.854223182163,-70228.3440311082,0.765260332291274,0.236272999777852,29.3068570869922,4.09427470926763,2.91630166529752,69.2490833517237,7.33031861535658
0.474831181664255,-6235.14429689866,62.4371727890675,64.7042665029537,1.69492473895303,38.3436800683731,3.49387368760055,35.7062387297245,55.6175111619891,10.0903639428586,150.30131149942,98.3714654915097,-4989.17674884832,2.13997086208337,0.167094360518619,34.2377063184855,1.92939619852374,5.05876089759191,70.1563201462813,3.61941750174096
0.888964092893924,23230.2500493117,103.777327661482,84.4552804618434,14.7343325503692,13.1569884273571,1.52133620030256,63.2295218531129,60.1053256580509,56.2422962752919,75.854577498982,102.149210090718,363137.875272144,3.66343422060371,0.796583090586195,53.9705437240601,4.66927985925547,0.588808033662557,62.5889178361527,7.15137808484621
0.647929415764011,12283.6154154701,66.5333851384246,59.6978875535967,6.57595938795186,27.5467949207318,1.93102606279231,29.8003833715614,49.9160208869811,12.5616533023109,52.0360191049251,102.170783084511,-188633.541463577,3.2723315756075,0.234063481147822,88.7309861986032,1.44041002922652,3.85266527687236,57.3525519222989,3.89777509593109
0.934285278243204,27529.7500034474,116.502793662594,88.0594636878244,10.2045784295055,22.5562631115719,4.37998887557627,64.2648943054732,71.1921531801098,67.9905202980942,252.062226701055,106.530799386699,-188807.209708028,4.13018406063564,0.276028668521552,20.1970926108151,3.00669907263008,1.77357045465412,58.1373810717802,6.53974207614974
0.773846164719086,35616.6352805711,107.739523494836,92.2977644420827,8.66974415664955,42.5690806319061,5.78693292014318,97.1067064614623,86.3971289960938,90.7891940961258,-50.7793536541903,101.583023961267,-48727.7154408924,2.07030208532579,0.157252169082465,43.5035309825244,2.5032013578854,4.40082377882353,72.0367763235283,7.40149010941912
0.582382037925172,-274.511565703759,66.8295823580927,65.1514737944265,3.7903492749148,20.2198238385739,2.35828346441624,7.44548518878983,37.1102698673617,-29.1334729893835,36.4795235715999,101.501091606272,168912.911568852,-0.196723934177845,0.453078724925343,99.1120029475631,-0.675503071406865,4.69446518201471,61.2444082075387,2.68265894863407
0.661945545775873,5423.53174948879,80.6316398841823,69.9049550665423,2.9618635754734,39.8921613294343,2.79370227654796,37.5463263617307,58.3226494202131,56.2942822900348,-105.293076783624,109.767709444214,665923.634156862,1.12416736581563,0.671452106907847,74.8458060808038,4.80271593379286,2.27061873682695,59.9178556711991,4.10332878850534
0.954770621863098,31140.984085586,98.4727435110637,85.9673471848514,14.5207292859511,23.8377925283214,3.32985189826936,71.4891880249061,76.0308820712112,104.204232754551,115.95367265262,106.912450238838,513172.89609037,1.57648450175299,0.378230645514429,62.2005739137134,4.68891028930064,5.94514637493506,72.0936650078319,8.00176294152
0.813951633076806,23357.5432768016,94.3104556335891,82.1408176898553,14.2883355886434,13.4025597335406,2.08576225083347,45.1318701706408,60.4014764290032,62.149022140113,241.133018695304,94.9808050965294,614591.081688542,1.64019246921784,0.741486231767875,96.6304087627756,2.62987659060098,0.838235741449104,76.6829290991907,7.01405782190464
0.621125671598826,8442.47135857141,74.3848211436288,71.6723450274716,13.3441105176329,19.2083630760719,0.2879679340317,37.7716646747918,47.0905830879177,20.3491298587135,-55.3118310333162,101.654621487576,-1275050.5053039,1.5885826837829,0.625363158673628,41.2735526189212,3.93574348554151,1.29929377568973,75.0086749190503,5.13558070436859
0.91849828671322,22804.2212891865,95.3982399989791,79.5227580655173,7.55993294489181,25.6635231727501,4.25473851064128,55.9311231633168,62.2332824367118,49.8121005634628,204.916041345945,99.017886724282,-599547.101629423,3.31244557994838,0.26434264492009,59.8048028623251,3.90158376499491,2.8326777981808,57.8145178170305,5.78447949833675
0.943001525579195,26356.7064976934,108.103659921699,76.3450971521204,15.2999817869713,24.6219396370789,3.10580298643135,78.3212822928709,70.9427604644886,62.7502471734061,144.998468330959,103.459490970196,-498546.256143184,2.89678801137533,0.487503590633187,74.0373289073025,1.37085152532188,6.27423438144015,65.019262158472,7.69258878326991
0.561561056985671,-12448.4807014984,59.5000951067238,66.1587149261693,-0.176073114045435,53.1193092085411,4.52926568166541,50.7963038306731,52.3661997430092,20.7647944325746,79.887200212352,112.103538241316,-288441.324971916,2.55255443122744,0.566181860426684,51.6840822015681,1.75122923523921,2.9498743727298,69.5098530034671,2.69435166470318
0.510830973036149,3317.66460500522,47.4916823329475,57.5074302893367,4.60597332094762,32.0480618389626,1.42807230327291,2.59963564700589,53.3994903273689,5.1448046183942,136.225598426218,108.47729911639,-59168.2237250736,3.7584714025189,0.49922340961568,28.2375331514141,4.60338245260817,3.87642947722065,61.9459817068509,3.36437981991395
0.971541594607152,28808.5328490631,93.3268402549038,85.7180331182435,12.9657548593319,23.5896545740452,2.71696519253956,85.6118124928121,73.3645440771298,59.6929936916113,99.3837720396371,109.23371883534,177785.155810101,1.20427946055915,0.365318111540915,68.3083046094243,2.7807693737542,1.22650839377835,61.6708807128974,7.53412690325925
1.01463099243912,33631.2981399851,102.653369866002,79.6455506234947,12.1789598441267,24.8461888412737,3.37591183539984,70.785906878885,65.289733427848,54.4437651444679,-118.18760585702,111.362315410349,-397967.575242831,1.86396967722598,0.682148815315483,40.6536456033135,7.6350430057909,5.7499809685589,53.3319263831191,7.31994980632956
0.816481999780209,29109.5952369013,94.5187546356174,72.8190688817414,4.5569508897378,37.9227773571127,4.85086593594108,82.3793705399284,65.4986625587119,70.204546133887,51.2128011105362,107.784893553468,815135.647603524,3.9958208482001,0.601669653207636,68.4438347775273,3.52211459187563,5.24993094775725,61.2380334940495,5.85577913656894
0.663462594061628,29013.8270718659,101.892478732823,70.6718017238223,7.14715538105851,22.8157084777534,3.60290539201347,36.8466991341628,64.109377457689,21.5563551136134,-41.9232841534414,100.275166057346,717546.29727154,2.86678419835763,0.283640760770406,56.7067773624254,7.22598475925025,3.86264662256405,66.2869603613581,5.26205920821778
0.674442551750368,17429.1086275845,89.5726876298437,74.2286112919614,3.80183426784955,39.3234174175732,4.77837711286275,63.8455187602763,53.9665831074622,75.344637820882,94.5999358603965,112.953623411582,1367820.25996519,6.70895096914877,0.466382390065102,91.736714107151,6.97346557844561,3.27841023596992,62.5526861400091,5.36576503294274
0.723074535759887,15385.3339884746,83.7795043839528,72.9089545702089,9.31258805075093,9.4262261314986,0.96684492702101,16.900199090286,54.8509737521082,15.362379705093,-58.3990012880705,103.37046994464,397203.285824347,3.55612926199922,0.471382540635282,70.9321017077887,1.45164112142593,1.01084381602218,70.0501856496565,4.72023372889519
0.476139321574425,4894.90248285922,69.3506442445714,63.7844260250724,10.5508206787255,22.7670393050643,0.424424092549476,29.9905876435579,48.8083082672428,11.2878000886805,155.534377089603,108.656671913371,770361.242402638,4.49687504755636,0.134068354737838,79.4730000655451,1.23859541575208,5.68371867946402,55.6563163593685,3.43412330773342
0.728218596437326,6627.79247933258,74.1923742976547,75.7438267048731,9.51485829393611,41.1515926744631,3.57095050727926,92.0010896231535,72.8485371222565,56.2244126324351,381.237963423149,114.009624762221,226903.922704213,-0.388434335697387,0.490253159511383,26.335184112916,-0.359287188652064,3.95753133621014,72.2683217202417,6.21522229814687
0.57763013640085,13679.4448934044,87.0113542546904,70.3357075632251,9.06400553789051,13.5449186013431,1.84757423607487,18.8622573832024,54.773151185631,21.3998633174572,2.26935226011601,101.617440586805,1319329.35702217,4.5010221306094,0.0958306897868234,70.8035231384611,7.69149173042526,4.24994494246749,61.7147854095399,4.73660252525737
0.739613575304152,12921.7375785222,87.9736899854805,74.4464426286798,5.56701777911649,21.3751030604885,2.97153039085397,31.2160417560434,56.2601806666145,27.5614060197071,112.568793259135,109.404852935179,-272697.107088989,3.69983271483042,0.147163710896101,26.2627465234788,4.67300467335605,2.41348682014254,65.6783031757695,4.90797348345247
0.60848536972751,3304.08210589697,71.812762024492,64.7983910659904,2.93914591415569,18.7899405191503,1.19919119367971,10.0523398990564,40.2033005222668,-0.754561886418621,-95.3414641602079,106.29838799325,726440.633731567,1.65952565172972,0.326832367894862,20.5383097633358,4.29099413176533,2.60990418841726,67.398083378934,3.33154520946175
1.07637803020866,31553.9002501092,99.5295101446189,84.8231505499629,12.5597104806991,22.6904165188517,3.44933069172969,59.2738795249587,76.3287199232454,82.9089653532603,98.678525395491,111.032670933983,144805.71758033,2.79535509629625,0.246256716319737,79.3293271114115,1.86439855464494,3.94087272209723,53.0379359579672,7.91852625586758
0.497285091351824,-6109.02710091864,53.9841162609885,68.0228656998798,6.45685106922286,33.1705628798197,1.82734477799083,22.5927962772358,61.1120045228138,21.0994465577006,47.2385076785416,109.014282915562,39651.8208506317,-0.513771830089371,0.157888885125089,50.2303234030782,3.42522618541437,5.82048719644992,63.4176408369426,4.02152941878895
0.850565638926096,18313.6116461543,91.1378741860104,77.2121037782585,9.33845482318623,23.4098910318582,2.90488127126763,34.3795456694167,63.4682058512364,50.7532174304731,-3.03891870521039,106.543620377625,-55124.8191288381,3.85460255272806,0.56215085574537,36.6418427605072,0.732619790655466,3.17328255564723,69.1150864711431,5.18823853363733
0.754882417810396,11517.1637199249,82.8457322111954,81.0401510469879,5.32794826089254,41.2674746794618,4.88909450376325,43.9616659237418,72.2829504024334,59.8005103652871,229.470629508682,101.00024220474,-169631.313270812,1.57235243462034,0.537378446392766,51.50758639778,1.68115063178585,3.23306397211219,58.2413643824204,5.40233185739303
0.666454220313863,10290.7321597561,75.9957760642414,62.402479479527,7.02999263360347,31.6811411505088,2.24235261750221,53.3592630098504,56.5577420650331,45.5288697315165,116.361789535878,114.096039738219,1345790.9977751,3.41658520189929,0.520206744715033,44.0654614255836,9.02446590757783,3.48048695176601,68.2668156087017,5.34367547510991
0.694209123424468,-853.606745696432,77.6981766829219,69.2508180030059,-0.567459181172751,33.8413333574928,3.71623667989889,24.049647942572,48.5725386023419,17.2712823558834,50.3568773868889,106.891637002634,507.243193171278,0.407036995407877,0.444058149713037,5.14013077439663,7.03557340439927,2.13566293414818,64.0967773909022,3.86801833321941
0.906008064223556,29662.681539075,100.729513896313,82.1941715410304,11.3066361138099,22.5406121670364,3.00098208482855,53.0650560823414,74.2683008474679,77.5430727339576,130.500276198109,104.141662026279,675060.53069679,4.08285887097706,0.573584592203041,42.5401962889904,0.880958145620903,2.15456354807366,67.9334627905756,7.41023783443829
0.648624960783452,9354.68633341674,69.808009536263,67.7836268320097,6.56230871299647,35.8342079570165,3.89688221106928,38.1210555806465,59.5161995687663,37.6444591354118,141.836025975383,102.217453008239,35270.4519879158,2.01367398296243,0.275858543933313,108.722282353825,1.40888059472633,4.59150191693783,59.9361919155542,4.75407094126903
0.723944546585682,25754.0380982477,64.3201904957968,70.4936672422185,13.9273504315323,8.95343916096865,0.704887380074924,42.6757750753155,39.9218691010912,-3.66043330841732,72.9158449916103,109.46169381825,-519853.515232034,2.54535294418434,0.137843179344393,77.6572590950502,0.63520957452707,6.84217790279153,60.3532085358452,5.06843121941849
0.609825562660061,-8961.96853522169,68.9409150081193,60.4467228883622,3.45776773486383,32.8389004578513,1.83339505662776,14.6018790201259,47.8420603326287,18.3753293127733,-65.5766309679521,104.660626885624,-177684.906856393,1.87112812444651,0.863061144539029,36.8848237170091,4.24406885658297,2.31124636914901,65.0764575410775,2.57438975358014
0.658164993882482,16980.7668653727,80.0208072155517,75.0017317570652,4.16219221208199,26.828892590129,3.60716982463069,1.94897428772864,61.5447766156285,37.8359879014561,-44.0663374261842,108.589027224408,330362.25860646,4.1215035440333,0.688276063786775,8.85916079356962,8.33650569957138,3.26206972626129,66.2756806717679,4.10422577358113
0.620737774175021,-5639.95608058793,74.6993184453283,69.7269966016075,5.14163297754811,36.9054329003273,2.82125739910342,38.8169561880883,56.545601176141,34.0650496802464,71.3916860703293,105.949263923609,-269754.083208421,-1.14831249615642,0.376616799079304,55.5484943110946,3.69696087561058,3.6387711235026,63.4634407835645,4.26172418360823
0.806242858594611,27473.6717980939,107.573313152114,81.0310856894856,8.91993119708157,36.971197206771,4.02759368294533,69.7639976090009,87.2056130764689,91.0018556843358,131.496833270043,102.688290868422,1192780.1906166,3.25731914245625,0.626996577648188,14.5666998936401,3.05426583185409,3.38716098684683,67.7122328956074,7.35585395653881
1.11472755393006,54406.8824054733,131.122381043615,106.988312403972,20.1740585787369,-3.97005028457534,1.53078933770852,81.7419671948956,78.7616360012256,91.2583455685412,42.8022550298924,104.218809102717,1289613.35735241,2.07500796700278,0.65520633575349,35.6869482383838,0.0596692856911942,2.55149224514915,66.5719879074624,10
0.887689972481559,30086.8079930291,109.48583857024,82.5375414027514,17.443330663017,13.4298301350513,0.93279045097602,74.3644879403501,85.023258144798,41.8473862347173,115.813163927209,102.731019059708,-261216.663571746,4.2013037592525,0.149770622763371,38.6663142689036,4.88489349061397,2.60558595821972,64.7772133346997,7.53769890245477
0.517769487029392,1904.90874425289,69.9439689023848,61.6070771075992,8.82878921909096,43.343607649315,2.63676953833183,49.1254156666772,66.6046859411233,43.4962259435273,-31.7036572017396,100.187021647632,-519176.106691906,0.876119588638444,0.340260915462721,79.910058469995,2.97666692926679,4.48488970215782,64.1861094585163,5.37474800344079
0.59159724635479,19663.1332072431,79.8920516925625,73.8669509217436,6.98142826816708,31.7909304012007,3.7187362957633,41.206486444082,55.7264516050849,25.4221992376777,49.9463404806999,97.566512159793,364036.019806762,4.31432259746805,0.738493890044732,38.8879164772143,6.28797293968742,4.13028432827307,66.5665139716327,4.44737646626441
0.781874970078072,27818.2441120616,125.484523854467,89.2397020207695,10.895731250868,18.3674145140423,3.62198108198063,68.3961033897276,69.1828221245127,69.3110074520228,48.4857580766895,103.222379043473,1158224.44507824,6.67913755862819,-0.112713030715207,26.995607844072,6.89163613869388,4.82408563941963,76.9662704557876,7.22513819383287
0.55654041150337,23486.7725456747,80.5747767973253,73.5312342640868,7.47313967664256,24.5241922431146,2.17206296050784,32.8966753869289,54.3176285152627,40.1623309856213,68.4095725709342,100.634975986438,665713.613179425,4.64210320281074,0.19523258449536,38.8321149928963,4.56018488185181,4.49683308092967,56.609167871388,4.95999419524314
0.75409047609976,30776.3257491222,83.924186779349,81.31075235981,10.6962960967049,31.9070018090383,3.18694689907017,88.1883698281482,73.8092298017845,88.4814559058389,93.9595786854216,107.042890223588,325744.492498155,0.251853148567174,0.350753209204582,56.57959455286,2.78499926371634,5.24382080290207,61.7938510566775,7.71460269329054
0.73733212236005,26218.8412652631,95.9451334076269,75.3877009146537,0.966795617766964,37.926466687719,5.63865312273341,57.5511480415503,67.7448835188175,38.410487708172,19.5402359232699,104.727043172023,773411.907718767,4.69344754118103,-0.0271466943126664,82.3525829876022,5.44206560703559,1.8836421676927,64.0757889049219,5.42404917423764
0.663557738815001,11315.7336778625,81.0532631268457,75.2780989886475,13.0626418699201,8.14343175534186,0.685896911264339,29.8008373842804,48.3131067084447,12.0894634705793,199.288358482937,101.289433959629,136466.414826074,4.8545105334304,0.468562384257481,38.6832382370283,5.68725111057526,2.76767700027347,64.7189487041775,5.57878694129094
