country,gini,lifeex,gdp,literacy,fertility,corrupt,pop_urban,spendhealth,spendmil,sexratio,democ_status,split
Country_000,59.49476290930593,61.605948690799394,212.61938972838533,49.505470667657434,4.388489155189614,5.572303456154913,83.7721764632472,3.1775861982097946,2.972846915268518,101.25188887356776,0,train
Country_001,55.196863496359796,53.01887432401877,285.3099355183791,64.63918467997377,4.410523330802525,33.20195718834744,59.81357688674346,3.5442831641572563,2.4606564960587116,103.74844564114747,1,train
Country_002,37.69504658229663,75.65778967871691,384.19088647113546,73.13741508352801,4.431027139117294,34.692898534862,55.75664661722028,2.8284611314818626,2.2685343044487807,103.59106640021456,0,train
Country_003,37.966713986197526,66.32597178515218,241.5392759856481,57.72191537751921,2.2445046429958175,52.772037219459776,45.64034477047083,5.768831395634184,4.4017626125318445,104.22613248173201,1,train
Country_004,44.96531558110708,59.39896828732131,186.34100474989947,90.98681901541619,3.4109693057312347,35.53407836175164,60.46373227001199,8.900510272957685,2.7341907429779546,103.85160932912225,0,train
Country_005,45.90136255964662,66.68200122805185,186.8978162373432,65.15985916380684,2.7993269199502664,63.55921744127956,74.98475120811757,7.1622041626071145,2.7527047903051107,104.65542349281219,1,train
Country_006,40.464816472026776,76.5229452418663,337.55157845016106,61.12860747345926,3.9362217758449964,45.639709165621,74.57444081177141,7.739633632844398,5.212690487839794,97.81051099353559,0,train
Country_007,31.947089556563284,65.46427309642839,343.20444833373966,83.54253381674337,3.4287619366899267,16.600378115167942,57.80693981057442,6.955949285214492,2.6861136824372602,104.28603354093607,1,train
Country_008,44.72137485911713,64.89393544856001,298.3873669185941,71.75077470812384,3.5879596641521236,49.14215562453426,47.540065705664546,5.455127572641839,2.736185525189724,105.38845172373576,0,train
Country_009,53.091343039212056,70.98125133987155,278.96580598918626,60.81904388818667,3.558193224876936,54.39212123027407,57.24219486643386,5.387193713668494,1.665998987262245,104.09409610221665,1,train
Country_010,42.92297148171201,76.29606163844399,324.418997014896,74.503677848556,2.03610578511075,50.04888379505603,68.70834676644412,2.792598796384131,2.270537792795653,102.09784364008007,0,train
Country_011,32.51506143802595,72.02127513633833,425.53927771020403,57.50726088752021,3.470655174396929,29.378898597726227,61.819567361009234,2.0684552905934104,3.755701249882797,103.22670161381048,1,train
Country_012,46.30306435299377,60.298707046646726,428.8507116190532,95.10652623882102,1.1204217626638977,69.25095254815076,82.0147612972336,5.376023393148952,1.1508783611977766,104.59003595263206,0,train
Country_013,42.052637583374796,64.66863497765394,176.3930237199646,78.65806243964323,4.0013682391032175,41.77644686576375,70.20864505610056,3.0113172207537144,3.372233238245614,102.13970189527244,1,train
Country_014,45.00744182474121,65.68603301976684,380.2663388407042,76.85617459797511,3.985358389223251,49.47862177995295,58.76731691869059,5.936760523997049,2.8689934710144853,104.04765422059346,0,train
Country_015,41.01906581185552,50.02129788714289,448.6589522231297,103.20469470461387,3.5796373322822985,51.197205800897,60.3533288415595,5.06189162445038,2.4308912899600057,98.63394381375933,1,train
Country_016,42.363244336638175,58.523785378797896,305.85589936653247,61.15038271443705,3.9442535887735524,43.855343124634985,72.39502781731863,5.127067802670884,5.2188396747636805,96.31091723132673,0,train
Country_017,38.324666493960734,76.71189513318969,627.3990848167678,66.67047833426811,3.1024027918140673,48.926343634755106,82.37185668881388,4.725384273047962,3.2260838078537257,101.04059520330398,1,train
Country_018,36.31952995803205,69.00838176370746,336.3821776122391,84.99838823798392,3.2174635682992205,35.8874828531775,66.04141644928539,5.181474184475465,2.9267980925471666,101.78066188875816,0,train
Country_019,52.78270855995016,72.4559417310058,552.5590450009178,87.06585047840758,3.8408597553202526,23.70610986890737,71.43478920443444,6.140564407294119,3.383142007364267,105.13332628412178,1,train
Country_020,43.29297446568859,73.09204494760326,208.5233482777092,94.92317112513551,1.7516580001793023,15.307605912821899,32.8391810126385,2.918888831673903,1.2470615217283263,107.86823671111092,0,train
Country_021,40.88800401537453,58.75859368498051,457.72595721357504,61.60214091767612,1.5657759481503235,68.76510069768739,71.75043264867048,4.430086634089545,4.099048000289475,102.38730473913218,1,train
Country_022,59.4355967908584,70.52192705599923,463.05666487438316,67.24104044638142,1.886306723625161,91.08863568310515,49.413387480261484,4.302324274222206,1.7495217940944943,101.38981665310632,0,train
Country_023,45.441355528654356,71.11464143099204,403.32243451184314,97.2823731346335,2.9054425138537914,30.80382676196432,44.6652281023555,3.968490963601747,0.40096503085728186,104.47508947331696,1,train
Country_024,42.51429149095137,64.01212017357719,275.77302205943954,44.65069363106852,2.3164203670687495,59.144807462383504,66.8780869617944,3.8136561385987244,4.762641896950548,98.08281923232678,0,train
Country_025,40.740102318760165,67.65328205491625,-11.170200017584818,99.4629322042412,3.4895984174480703,34.19739112565975,93.16760164286167,6.471324000344765,2.9254313680263575,100.17900480539986,1,train
Country_026,47.34978179228174,54.29455747016514,371.40313133098135,59.98342521735169,3.510857835865548,68.6369875195947,61.87122166273587,5.224934890926537,2.92179916578662,99.80018518831406,0,train
Country_027,50.18803775547415,81.84687288643588,415.0566792117517,83.67363221697326,1.9972621772981745,37.37982998828734,40.7868596356224,7.764506141656872,2.104984158871158,106.19953182744295,1,train
Country_028,40.244706538505596,62.999928137371356,287.45101046295093,79.42175102989266,3.422900234959408,50.8002455901389,57.84791350958424,5.054375440551921,1.2502359785383066,102.24278130291984,0,train
Country_029,42.00736805190827,69.04540415291322,383.08038671239785,60.189827884866716,2.9485903671144444,47.64748611007693,68.65953007462294,6.869541302031179,1.2634896851515731,103.75773129330784,1,train
Country_030,63.026266561750674,54.730744593339,176.37937256218635,52.39133600233743,3.0150827341480517,76.21128354717202,57.80029014520765,3.310612809425548,3.336164205166687,100.20058640678745,0,train
Country_031,52.487297296175484,71.94213632195209,490.65352756443224,60.47983635270472,6.687028534846437,67.84252325060223,72.2187022888005,5.197623104784672,1.539283457038687,99.39669396712922,1,train
Country_032,45.41218139119528,60.12184171605496,309.9210854698104,53.20853852229019,4.09529924100681,64.21019067424453,47.01239238896574,7.085372135509387,2.304469677097381,105.46586365826468,0,train
Country_033,47.0053307783299,78.47862657325673,204.3576245364381,68.79809019831163,4.791715112709123,41.87533674173158,31.841981614788075,1.4148216370470887,-0.5977287832112732,95.65750823424952,1,train
Country_034,43.20688669449214,76.72822466273378,222.93248645841925,70.45291030402147,3.218010211803672,47.15388101784844,55.07701740382926,4.351639311384019,3.143396919972421,98.47205198567606,0,train
Country_035,51.581017418677796,76.8601434659821,300.59311909489185,82.48090136348273,2.2083866884913883,43.329985570243906,64.74395775405125,4.919557949830277,1.8715143607940528,99.9826558836402,1,train
Country_036,42.04004222571165,74.0133499535719,42.80119131979765,70.88741546553999,3.066275657824416,60.10064299999368,65.32610420459048,-0.8650689353058452,3.2915759325729113,102.97282273034526,0,train
Country_037,43.67490269301242,65.75060946977688,426.3937466346747,64.20456035433452,5.251661151979624,63.158891398897644,94.46742101159222,3.728932006159529,0.30288923172057824,104.14436879245744,1,train
Country_038,53.32163249380229,66.78288077643806,91.34481051064282,58.88157222925822,4.091582640704401,43.68482613823258,55.86022221791406,4.349082062676495,1.4693024132481982,100.4009390217492,0,train
Country_039,32.087556635835746,83.64367958648822,266.95525498344216,77.56415272726336,1.8237368664304292,67.30150831281948,34.302585335470475,7.141230236109912,2.367558490145547,108.33181516080214,1,train
Country_040,36.047727417247856,67.11104384127674,320.0678176660638,84.09348788564355,2.8425716463310695,48.55635931743717,25.462999063839476,3.039662271954584,3.1319391406662898,105.31252297890964,0,train
Country_041,41.2461098474751,85.95084418558635,535.2299071738912,69.49021262337786,0.15379639859145522,21.003805235492226,50.73211760058881,7.5316822158483365,2.7823267453405207,95.71725655133156,1,train
Country_042,44.6698733690387,79.40689099650493,231.02343752368168,54.350455740865,5.815548923021739,47.96137166237026,50.4126435182088,5.400334317656558,2.610597671648906,100.71257316529471,0,train
Country_043,53.1676506284157,78.42561442227588,424.90338697693244,68.85669173639694,4.4262804516793794,52.10535357514384,69.3996490084326,7.367373735879002,3.3806132323188187,107.3692640496188,1,train
Country_044,50.11027212832137,53.0275201130541,136.77958740212688,85.85160228022588,2.952460196080846,53.95770461239564,44.8281651520376,6.701762847360602,2.1282013014006513,106.37432471582856,0,train
Country_045,39.24212783281458,78.44506717374156,404.92753257850427,59.56412141878774,4.368795599296615,36.77057917143203,50.062992166436224,6.743422584225385,1.6595895982408146,100.21847079823647,1,train
Country_046,43.74879432631686,58.498646481019875,401.3993291608677,74.72772047727274,3.266805563971421,45.04894279087628,64.35233269150768,8.230670201038144,3.6351637630386904,100.4746285971738,0,train
Country_047,49.7193536419909,68.54983062317528,300.1202179435531,98.39707062728189,2.5472745227862528,44.374671527706695,33.11842069132151,2.495341709093726,2.9513475264815185,99.91523729644429,1,train
Country_048,50.62331041426593,57.58103158107251,183.92282084019183,75.71856060434006,5.103070856555694,57.66451042563236,75.56746262581876,8.109188342744813,3.8381069837849138,99.24467988509993,0,train
Country_049,42.65724229993966,74.54156536547929,274.21837184541175,77.17919055981835,1.1550124575266418,38.084696380584695,70.3331961837776,0.8258269777750584,1.0807449972585372,101.94684504626957,1,train
Country_050,32.74484420304381,66.95696796865674,180.05430111698882,61.226081067487506,3.0392205759193613,50.40727755605584,49.14316898126546,4.879372814645181,1.8686118392207396,103.66822053023216,0,train
Country_051,57.05047290630465,71.07495823400234,344.3843106417086,52.93988043258197,3.8820394707924617,39.35478808598782,50.26729205291807,6.4148789057160664,2.6272464932294453,105.32152635284719,1,train
Country_052,58.043015427970474,62.18254750238006,291.4052388187133,92.00622775362983,4.509847100274869,59.83488290545884,77.19309097703173,3.4907940616712483,3.353900091297557,106.22776016809202,0,train
Country_053,56.46729828497398,63.05052146094221,293.79909508422907,76.14072760586546,2.7032031883882213,45.94730768345513,72.66001992272929,4.593180034265971,0.2645045305603415,103.0855419475187,1,train
Country_054,43.10405767543258,60.64775214615733,88.11142192129137,80.80733700457557,0.6774648417799827,16.411995114998675,53.46230906158285,7.157911171301395,4.161647086819184,98.53505209521191,0,train
Country_055,42.07894243213159,57.41634899929945,445.344847652989,48.2515600921973,2.878165105991315,71.59370802109552,59.06378957205137,8.24032068765148,1.3659901321709778,103.10757140864062,1,train
Country_056,53.32625748658987,65.38230615647142,442.35771170955826,73.82194377032289,1.3850604883899902,118.25484867268334,67.32965466136001,4.9146865876471795,0.9114246176002283,102.24530345641685,0,train
Country_057,39.820457353274506,74.65482932824258,368.60043494542384,98.19514227604068,3.2207016470315817,62.24309863979386,67.98685277267164,5.003020393881212,2.1899197632159715,105.30300060800545,1,train
Country_058,52.74021708270904,61.46446716756976,142.38766764324117,64.58884962579718,4.7437279780092725,46.504471047176395,83.7965263384196,3.1498594258531307,2.759968645198966,94.45108841710275,0,train
Country_059,38.73465695271768,67.0270294508651,385.3125329390507,96.05992758006704,3.091932307236488,79.17051646895871,72.32521614698973,7.272704360424129,1.8506141718088864,106.15497403094592,1,train
Country_060,37.91628577030684,70.46126888960254,161.75254791524893,57.827816714018674,1.5963156743334728,37.7057376443716,62.86675344766448,4.5624590738427235,0.9726820704956036,106.41221957007411,0,train
Country_061,46.19776750646767,77.56452346460611,418.2272303561626,60.426983495491804,0.7159436496655536,36.52236137182929,80.77733773909846,3.1929078525993697,3.389252421188873,100.16277908061353,1,train
Country_062,49.644873958831866,51.90864117899845,416.04901991999566,65.00496949864277,4.412990958759089,50.41750968889572,69.57095692948414,4.4961359214728,3.4820278522166346,97.47128194732787,0,train
Country_063,34.854314460435944,75.30379203585228,319.2986092548604,66.96868743169682,2.834465246418371,62.03105196821298,53.49984368636371,6.320615193490512,1.3110497811175852,100.7782438709401,1,train
Country_064,54.379613373753685,75.07001942276713,144.34147676935655,78.17952120842565,2.1029812135581167,60.19441817094341,29.11781911021058,2.465778615121775,1.979233266612566,101.50054213534212,0,train
Country_065,54.8889154347919,76.73199339202822,513.0561490286857,88.49911847053353,2.710563738038187,48.20611608226304,78.43457433301893,5.380742862045678,2.221607593008019,97.99439183095443,1,train
Country_066,45.64831902755568,44.17202874644923,221.26589338215774,50.90164622507298,4.181089217047227,38.383897584518095,52.66422675988379,7.394210929340995,1.3311187057976606,102.94997668546996,0,train
Country_067,28.33786442018827,70.21783293955721,373.2318894476213,83.29806457695369,1.971580168017625,58.753824955002685,67.17231299518033,5.261536731804726,2.5900195344733645,103.390602965195,1,train
Country_068,49.68304339905481,58.531912887292805,132.49661876106217,103.18970427978009,5.653750743713705,21.949510231027396,64.35326613056769,5.954874165506221,3.4916046821925812,102.42118630934205,0,train
Country_069,36.08502448633101,68.04063674909521,265.0649834651018,72.41559674059633,2.727954435055308,50.62983872683367,77.67828712151822,7.761116399909449,0.9926761926738126,100.62020968669626,1,train
Country_070,40.173600369798656,76.28977769568087,268.8758516941801,87.33484106237353,2.776902974411935,47.46799989534185,37.36955329804137,7.3050710729723605,2.1548654949072894,97.54453064602363,0,train
Country_071,38.76030971877385,51.060736497838896,320.18193927614504,72.08731613621295,3.395693800406181,79.96594730438662,57.88535769066992,6.914911834010541,2.7846864268156,101.42003507857798,1,train
Country_072,29.88558382461157,74.08000933876541,215.5231261029219,65.86933837476239,1.8254470683374246,52.09391960859803,59.220462259685185,4.758835237941532,2.4282482448451317,105.1476548722577,0,train
Country_073,51.22976690062673,75.30733482016657,722.5294507404437,61.39662004434028,2.5945789813593447,34.73353356454392,68.93979294444614,3.925025213879651,-0.8280340899992562,98.35998562251389,1,train
Country_074,47.078015193247076,74.57829867958047,89.16701305619623,56.41336807573483,3.1827778334588945,33.88632519035537,65.56745690184337,4.7080016839507515,2.9755190973805976,99.8243552227639,0,train
Country_075,55.792290624168785,69.49699992993315,479.225954479597,63.81503504500584,3.7580473569929964,40.77109190604978,48.13636123423845,3.8912993369530824,2.354959976716279,101.34379962309687,1,train
Country_076,58.8136560772405,57.31036616290443,145.1594001054222,91.10282219968289,4.08054039068973,13.134604391010924,65.05903647968967,5.174665398679194,0.016667143925859218,100.8913127239877,0,train
Country_077,43.36036038531058,75.35122013700052,438.5394799857225,71.83620156665202,4.290140963917085,50.36708105699563,49.53754762890342,3.431636313704102,3.0611743534795792,96.12549274320297,1,train
Country_078,51.92246056895849,57.64741546086492,232.89310851471134,73.18072854129376,4.811529080961617,12.06774264143192,45.50732682069815,4.798123384746206,1.8746963984948053,104.58486930402361,0,train
Country_079,26.80887547634779,72.39441312456837,375.11042118033794,71.13620595712446,4.372684079102411,30.86766343616428,79.02925136984513,3.8941591941796627,3.28066062169448,101.02738734154437,1,train
Country_080,53.0147450331914,72.743759438067,100.313571170329,63.282632092842064,3.2390812177500967,42.71824522177702,46.26505852347053,8.40287578914702,2.840916011890625,106.66504798299927,0,train
Country_081,38.94681077190424,61.00562590951321,339.8697334703742,61.95145093823815,5.918175154800214,57.417611285404156,79.68898702515905,4.8515284557530025,2.0187264330878367,101.9072657471876,1,train
Country_082,49.34573809260814,73.29669476075857,261.341518186598,55.387226389740235,2.0685481082161337,45.61977147129683,66.19444088935134,5.615894152619484,2.568618941135273,100.19958360229316,0,train
Country_083,44.674122107095116,74.07443903091992,319.5818812179567,72.08552733188328,2.8693948092194583,69.4789868251263,55.82699598991997,5.67107124193311,2.883313636014535,104.17656767476068,1,train
Country_084,58.46707812707581,71.9036304736337,347.905588255111,43.5464436646803,4.077684733164604,88.28691702242921,45.1498352164849,2.6609603011885676,2.3324153893287725,105.0637443782967,0,train
Country_085,47.69800393837459,65.68300634824534,319.68117819273704,85.95558472660862,3.857143697745775,96.71978545141363,77.48530020466825,6.007134432005258,3.1476715309929384,100.95304742725334,1,train
Country_086,38.67781598773627,67.87565705734073,334.86732525715666,44.67075462402009,2.7231722418371658,40.35339376707857,61.584636037714276,4.179067882269241,3.1241160524134863,102.29433673866598,0,train
Country_087,51.98262007325446,55.81065872300406,522.854956565151,91.6651101949904,3.110380503376563,64.70581785654223,71.49822600619942,3.825420744480136,2.607598079019048,104.3345225372987,1,train
Country_088,48.97853406885991,74.91056614279,287.3995332082994,66.81126482934529,2.428635504770528,40.43831510528052,50.704234784428984,8.110967035510885,2.8786066625768343,99.00172049592547,0,train
Country_089,46.688787105291496,67.96397042695165,-42.45172565115661,77.59778556730727,1.1867614601877978,63.41235956461236,47.98104601454235,2.383351079213692,3.0032099811788546,97.51741870417595,1,train
Country_090,42.92640637218304,68.1350191593693,349.4679027753664,76.77326804660977,3.3064624537355574,32.01688374160359,86.45723138956387,3.4880373589228046,4.754306777783796,100.64242508014792,0,train
Country_091,52.79028554673446,78.05972431160106,198.53589031477264,75.72926760509345,3.9564704350290265,65.61767818741839,59.41593824574156,5.9039200908122895,1.936372382805331,98.48455986233664,1,train
Country_092,54.372097895521925,62.02254862465155,441.57098299274605,74.63676351859414,2.278823991784539,44.09843024825773,53.304226269072394,2.958224700696078,3.191715507871996,100.56415777841644,0,train
Country_093,56.55353210904638,76.38712992814743,218.37731225501042,70.11499217679025,2.7778877693964996,24.838858631398463,76.36883518152179,7.199617630422658,3.520601457642863,100.62903642721939,1,train
Country_094,55.051887772951346,64.82197651661957,388.217733550929,92.7879172267631,3.5181318575657037,21.455322011399236,52.846482052074805,5.981971732767013,4.053849254836745,98.59862389381927,0,train
Country_095,41.97561361870839,71.36671301008097,376.19979891154094,84.05635404504626,1.9118724122554442,45.37739064994035,77.51949716400867,6.084669822248615,2.948056780938025,105.37597049599276,1,train
Country_096,47.332427117672715,70.7240273765747,238.25233656992552,45.424849695974366,1.7956905376626955,48.33776996628737,54.606589230056755,3.390793662950044,2.9716171557030027,99.32918534367525,0,train
Country_097,44.39069813106376,69.34381953343781,223.20133024653035,35.92691179193223,4.797832863767333,58.69947024267124,22.438110911067916,4.4471427647329556,2.8825452774991827,101.31557792789863,1,train
Country_098,51.14264090082583,58.71385931800608,297.02012750616825,64.79774460897265,3.130325615645632,43.02147976780996,60.596393327889416,6.5654428273761845,1.9538562397599382,100.7782799279642,0,train
Country_099,44.78451993394009,68.53880019497001,370.27227508131904,81.17436103631515,4.5994266834210515,50.90400533111005,28.240530050094513,5.1607509210897415,2.8346445122594086,101.43913495040175,1,train
Country_100,45.274110705863265,47.0399318988231,336.9581203938455,60.739515064699894,1.536708070507757,31.314402819290763,44.627550878016194,5.917498164683405,3.2639657158280864,106.54425114744676,0,train
Country_101,48.683398498503344,58.6868049174586,154.89488682333703,87.36088031793697,4.930023441315373,48.720534233383454,70.78204482277667,2.290217432440975,0.07729389000185538,98.47792897037147,1,train
Country_102,43.64249979517587,62.328988916735696,248.38631238584793,58.23478350951334,4.165161373939595,72.69584512389221,58.14296194140653,8.759994974880922,1.8287143476389844,100.42468981818318,0,train
Country_103,46.6018773019436,66.66160990391461,465.246270693197,60.78338277203167,4.6372327821303685,56.495150293287985,100.88179171075168,4.3717701887035885,2.1667673107510454,102.43695545185946,1,train
Country_104,29.051776263344404,71.3181210203083,333.70153359182024,67.23977545858152,1.4967250623359623,19.161901280564173,66.39927777901266,7.050357375114711,4.503357558186665,99.31367542815025,0,train
Country_105,35.25361577792973,67.3244896025236,86.9123829751396,61.566032359343836,4.07214756501838,82.42284502464946,66.58733180451996,8.581107297110538,2.9030475255988852,102.57409174541677,1,train
Country_106,45.12847050017973,67.99549636617596,245.4176463307333,63.48633871414762,2.555729798072393,51.66257423225606,57.8167262252668,1.740839930767776,2.3011593978976164,99.4329858228165,0,train
Country_107,27.1143963300738,73.37106919473058,511.04259054268573,105.94595283597357,4.924903435391556,37.325572053054906,80.0286748906208,7.539798007112277,0.02460456232645436,104.58386554617435,1,train
Country_108,51.517416283132206,67.80246600245434,310.63400588121664,66.47461074116126,5.308323018386034,39.767800991026036,54.60090910168081,4.714777967412368,2.9207968901800863,96.7102505970263,0,train
Country_109,54.60379047639172,71.30959805474525,392.29495149897343,73.35973987621686,2.8262704744593394,46.60565275705469,63.841712135092806,5.604104681866858,3.7963141065017805,103.03817323885403,1,train
Country_110,45.43209064507151,82.3925208875392,122.46886124237736,45.496862361447484,3.7755224625353936,43.17728086116883,30.981060176627498,4.075540677244375,1.7372130751830603,105.39338580127489,0,train
Country_111,38.52998583655804,77.90491719093818,379.17380402522207,67.3050363193268,3.075406194305779,60.71585731340995,27.779422295575507,5.954136815138734,1.9550564670389938,107.39375809916433,1,train
Country_112,40.969848345902705,75.64051136004177,-25.79095492869334,77.81937522476431,3.6813233047079303,42.55370316405676,55.786660342704955,4.178878818755297,3.097603851499931,101.59725430610905,0,train
Country_113,29.198098332657263,68.01351314575737,592.1666085151063,71.10269307287453,3.3989455357624467,45.11501886522278,65.01081699242593,5.655891115923221,2.096557696652186,104.58979019681225,1,train
Country_114,39.115376343325366,65.4584383343866,336.6064502750517,61.59493730987128,1.8813444193097064,57.04875593421747,42.867585629569966,3.8053836764932454,1.5962228929740712,101.6678147578767,0,train
Country_115,40.064912214295894,65.70328106336474,405.7174712776862,96.83913352124972,2.6209829431771845,62.4077931337662,57.068797642617874,5.497884492064992,3.7633016139402757,102.15087971708114,1,train
Country_116,39.975621190362034,60.66058710169889,201.99042899266,65.40043668038754,4.379613742509298,22.54165686016527,42.04066245967523,2.850917576847905,0.49071349392493335,105.97776805046544,0,train
Country_117,43.208970849887244,84.70623455779061,153.07995897827982,89.81273469888762,2.208021761403244,45.66734566686108,47.565533143626936,3.400272281024682,0.8215055065257353,102.64899887286143,1,train
Country_118,35.986391739785425,64.56558507741701,274.89581469079206,75.59916028109166,3.4704700668794572,52.78386500232658,65.31617340849483,4.665498269480565,3.026017502289118,99.06083942566507,0,train
Country_119,37.29623652236862,84.6800864571148,322.59189427481306,59.74248987999568,4.705855881285136,50.17683301073417,52.70263459824009,2.4020169029559097,3.345390239262654,98.74109727836732,1,train
Country_120,42.1877393598397,71.65279990354348,298.0360289109745,64.30359689237288,3.093214662126166,67.62669237441779,91.05411221702519,3.6024783416952295,3.2726849086032592,107.78640091606235,0,train
Country_121,52.13245643960584,64.00534699377289,272.3183247511261,61.43047186249643,1.9538679084142725,41.76970725196408,66.3281321841051,4.125941989690392,3.4614398351804296,102.36976639071838,1,train
Country_122,43.32299453715086,73.58871936165593,314.27661908645524,69.57301438678655,4.598046145441376,57.318778073450716,55.96652299742936,6.575109685735493,2.9611813626455934,110.75192628861933,0,train
Country_123,52.289508008376956,78.72570097099778,478.9192045954187,71.5975941688443,4.625474493835674,53.42042649625384,49.93239895221896,4.172027083179686,3.043540665199047,97.31664032802394,1,train
Country_124,48.16682337163402,60.67319931642102,362.1859659074224,54.40739434013979,5.596763914730392,60.82072632183553,38.567115612393,8.217518700167668,2.3172969887675863,99.8175716708406,0,train
Country_125,35.30960546939041,74.04211791724522,504.5426239997606,61.723595412025325,1.8528549897943372,32.48539841540989,84.84607967040321,8.641458443421849,1.9918346318568427,103.61311526232267,1,train
Country_126,46.47675639779567,66.01495758176605,391.68271586609023,72.21434001020664,3.7453879601137725,41.733579163521654,69.83400539566317,4.135988195178079,2.6499069856814277,102.65843248132632,0,train
Country_127,33.8907547579724,67.10724026591085,286.4876383601914,71.9180462974748,1.7158182910693747,31.642069382989845,86.75193154939629,7.612887212787293,3.476847228042523,107.47445635976996,1,train
Country_128,49.85676190039648,65.77137012058256,333.86108981201517,37.41069512824747,2.0323002254947626,60.65546713438607,58.08923224735015,2.1447273298375307,3.3802442458717543,104.99670494697985,0,train
Country_129,48.843036490914685,69.2576257644895,223.67406239371383,72.01392407252773,3.562309194590821,46.545401642024515,71.44553865190048,5.928863867504941,2.809737460565799,95.90238063353524,1,train
Country_130,55.148743944168736,80.2951337596151,227.70388505164604,43.44651528221778,4.1167151833037705,38.618124816191006,43.09481443487685,7.135432511750706,0.9299447770166032,104.15228586611117,0,train
Country_131,33.51812703275344,81.19814386220379,385.98629592508456,66.53907505239755,3.229243949737865,63.477572974700166,74.84841566146667,6.9555828565844635,3.0660763190997113,100.56785501330202,1,train
Country_132,51.81263638021898,56.009404943924054,396.4911725521789,78.69508755973297,5.022897251000516,36.401967070966634,60.39317547704405,6.416572001764416,2.971429454922707,100.71999814788464,0,train
Country_133,45.958648536376465,70.0442562773473,443.48447296926054,60.973061708678145,3.457385366682785,58.27276026225028,73.75992186445595,5.154215509576248,2.5627775626865064,101.78715097529742,1,train
Country_134,46.77252690043081,66.56687330205986,236.79065383418913,108.00949691089474,2.3373062144746366,25.878621686022306,45.66560080816313,3.279894902013895,2.6037238853864992,106.29279839352792,0,train
Country_135,57.007070263960046,71.39859491170554,24.214474288840506,76.16539029611988,1.4772145212495278,43.987371646624865,45.15415817788286,6.151245159222074,1.6580710664835379,104.3163590323221,1,train
Country_136,50.318419171135076,64.57944346597768,285.66724447225056,79.3612964960336,2.9034417009486533,63.4811399388782,57.3102598996863,5.238794905609723,3.549089045362624,105.99459757073679,0,train
Country_137,47.66649759102191,69.96697507170397,410.4823121714603,47.218285438703106,5.016753923784752,29.141157217490253,75.95564149826934,4.171672138909234,3.0187019014472476,101.65029772782977,1,train
Country_138,48.92871807255021,60.09370368346586,16.72463948403987,71.69983474022807,2.629394793650862,35.324556183171616,46.720152948269266,8.668822497770243,1.8913690742484004,102.98043893735716,0,train
Country_139,34.216454449044505,81.68477371142387,257.24784376604794,31.390372863303583,6.304339848674187,33.23332461397006,82.03398501422251,6.766145121084892,3.192615562978034,101.30554550888752,1,train
Country_140,48.01359001460079,76.29148807133518,239.88831405607206,69.36964448129416,4.463948257910081,48.500999070246365,51.22525207352314,7.603357816635869,3.000026318647464,101.62448200623892,0,train
Country_141,37.292841408225065,61.45522222435221,431.25409264572494,84.63902129350072,0.44514672910751596,41.92115049033641,76.87332205304439,10.14861323852903,4.9904245691114735,104.82559852572638,1,train
Country_142,57.486659641008885,62.28064434426399,368.94414282347753,47.04252948602931,2.6757483844773695,52.77747949883778,90.11905605075233,6.195926658675664,2.9185925087998825,101.48974931194246,0,train
Country_143,32.920456229262,74.32290401829876,282.1087564100122,73.98567058445668,1.982802903230582,55.182589166664414,39.34456699590657,6.307812438379405,3.9936710943663103,104.74185244463735,1,train
Country_144,63.41059007295555,69.09642812743259,336.6436129815065,73.32297256783765,2.2943242380653306,85.75820244673314,72.42867126612899,4.214347157051633,1.5066019089954616,103.74452784972436,0,train
Country_145,50.360380428723154,70.60307894327862,346.3289420536024,67.5782474985355,3.0467031251264323,77.03254389893536,83.40926828707035,2.299646233010416,2.5766546494434053,98.38769595099089,1,train
Country_146,35.81443638641113,71.18762229215605,175.01167944282133,18.29963824713427,4.124183183754294,70.07855294160777,88.18165709367841,3.9074134163147143,4.324534369615476,94.136965092576,0,train
Country_147,35.15280314477051,73.65175497126677,380.5841121704742,90.20626869097731,4.198027387558475,51.53173964626941,85.33871795102152,6.672965280263291,4.470506479667588,99.58716902183036,1,train
Country_148,48.90202941056151,63.0632346087974,372.7095968806308,62.30671749358751,3.0477773632999003,23.12318634001782,62.22306200754599,6.930978748189617,3.7998347330923146,92.9519040443721,0,train
Country_149,30.542834449434753,85.54112420437274,301.4848381066529,68.16588156283288,4.4484025293670495,56.53961530940428,52.911147864156455,4.880306102946163,4.686592824863057,97.8558265406344,1,train
Country_150,56.90979870183329,64.00086307846851,243.45255418556863,93.54369634660208,2.578551686096442,62.03105057650067,52.15419823807962,1.8358659477021848,2.3907761563664027,105.50677912298362,0,train
Country_151,42.012862579022034,73.89537461584143,346.62639783361954,71.10247036996162,2.5490026127190033,55.37208140931542,31.90659822000302,4.403356688750091,0.24526764962091763,102.80909654042931,1,train
Country_152,49.33728389116736,60.13147800403737,372.15691301489187,71.53745826704221,3.7022865046979083,40.49473051036749,64.6918950552711,6.808414071271534,1.7974681710878153,99.54946672241942,0,train
Country_153,53.01208605646712,50.95257217850075,9.925188673447792,43.17909368649106,3.2680892357954368,55.74273573174028,69.84757557537418,5.4519545808454435,4.2548557692771976,106.72735033758649,1,train
Country_154,55.772085110903646,57.253597828099714,319.62934631885327,52.60695978948586,2.749147561287768,28.579480373236745,57.760686399415974,5.788248167175107,2.6844304598088233,98.41989392891122,0,train
Country_155,31.291718496139175,63.40332155803895,230.68339711488642,82.16409750660627,2.6668629695020174,49.604005899707865,60.045973995257626,7.493696295712283,4.373338146591943,103.28117561152254,1,train
Country_156,44.513553334504614,77.72001221028512,328.5889671621039,59.28354672401279,4.5626884535570476,50.730139028207006,36.08953906571874,5.9538126119405925,2.9497902421303484,96.4300757333278,0,train
Country_157,26.291654758368338,70.59040804296218,406.0027505495123,79.52870075191545,1.4168242713145331,46.75382091599146,72.39884878542883,2.228495582416217,2.512339578614976,102.63998780819297,1,train
Country_158,53.89004775251172,46.868864557349866,293.39847924013276,95.87182778510544,2.6045511934507104,41.30769210262004,71.90988345327523,3.1737147978346467,3.9783458615176297,103.62159948373383,0,train
Country_159,30.90741259893013,70.3047473414378,148.92216492156265,84.68821727647243,1.0331906326744265,20.388433135055507,45.34043383088831,3.693854667693045,3.9879289450216318,101.94522739447785,1,train
Country_160,48.82803633896313,75.09919798836083,192.26281198479234,56.92511424470322,2.3330569545803455,61.12828365297271,82.09914314368557,5.217484988624529,1.8420640075461798,100.43891691858991,0,train
Country_161,34.60148567834874,75.3491629564685,196.4485485153179,66.58050401801597,1.6472463862409206,18.809664206813892,24.300668950414888,3.5200769793579263,2.671694197343403,101.04655330105565,1,train
Country_162,44.711400900358235,57.928960956906394,164.19821254084363,49.584464856584674,3.6034803933920476,83.85778706858405,55.554412353652516,1.9614391895733512,4.117147997553393,99.00430075563239,0,train
Country_163,47.96026113101857,65.95875672263878,333.7299846957511,121.88995147693339,2.15296847770448,42.43975208544579,68.02853176653863,5.256106472337455,1.922714918565414,99.93477737049422,1,train
Country_164,51.223950929602445,75.11901254101105,161.74991140214155,48.55350348023456,5.545887485656588,21.347188899277164,68.3300017365716,5.5782547464376036,1.2664365412907537,104.27848077898528,0,train
Country_165,34.67426922981531,60.78359121229567,157.25397138353807,82.91424807877637,2.5107849829371283,72.53452376665899,50.24789954034436,6.5293251722507115,4.098892713589466,101.7419594607206,1,train
Country_166,37.49637802999841,63.75943246150097,426.8084965057599,76.68640754363935,2.886814287765506,15.601297258029941,68.33305177585078,7.961812508160749,4.568312892461301,103.29837059890362,0,train
Country_167,41.97176662880314,63.21102983807866,255.28778192272398,45.653745439779925,5.611461870695197,52.51464099290546,98.16607707701814,5.151005169253626,0.46801848206802954,107.58469530683247,1,train
Country_168,39.62138380905996,62.9967343118761,473.82613079947293,87.48159816149408,0.9185523009993686,47.01898585895288,41.256974923477856,5.778276444141121,4.76461250991402,100.44753053261408,0,train
Country_169,55.44578240523243,62.07084579696518,584.672461898575,58.01519163604202,2.493994438596403,58.345232619631574,41.391083299970234,8.399217706422526,1.1259797150450679,103.84185469223947,1,train
Country_170,36.18695968420064,67.3782635688988,274.73685894947823,59.77638639516189,3.937063032507791,26.897019369747497,80.42798650001245,5.104894713827958,-0.7597328455061994,108.01668472766394,0,train
Country_171,47.121708977890904,81.92852177249685,302.7676131329554,36.46077010481595,2.546338556104594,30.930740697685106,61.8227630657283,4.334546275268902,2.6608147360840437,96.70677575810785,1,train
Country_172,46.93025923541664,62.82334533462105,352.0210644934312,40.21546176724422,2.8399148290932965,76.85118811654267,39.88405653393304,6.176107370718606,4.186607338233828,101.96973069493042,0,train
Country_173,51.40808513775312,77.83151707501715,512.3706611894632,64.8825169795117,2.9152410999351925,67.47421131836852,51.215339254946485,5.396101413332928,1.5717152055401753,95.01287663271899,1,train
Country_174,49.179321150136474,80.11944037526354,231.3522382788048,66.86446086365436,2.80627405834648,33.66265983308554,59.64156695828211,6.845862195993588,5.249012003017501,104.47942967120531,0,train
Country_175,35.80908957950837,58.08387497030699,480.81967029209375,75.15072487308012,2.3174441078690995,33.988901544695445,50.28416449957404,7.7668498185985255,2.383168753572582,97.7985900686268,1,train
Country_176,53.4806319178538,68.98082076905361,241.06413950467942,74.71572872708434,2.3567792512723966,64.35028275395526,36.22708647518451,2.8931145472810083,0.9377403507929538,100.7503228203783,0,train
Country_177,37.44039173277473,66.5988326498606,324.5721398131575,78.71378809863143,3.2258384873180885,57.53347465856306,86.46485914674511,4.767018878187817,0.659996872763243,104.85414543743984,1,train
Country_178,61.18695636431943,67.99830955311725,376.74410673434573,55.7657496928048,3.572810424510662,58.46645573830745,63.27863365193743,3.62060469437363,4.5467557505668434,102.51844825231098,0,train
Country_179,50.94158564432309,72.7462318930284,428.8409067200406,84.39879944878996,2.7906138207205626,68.00621863152546,94.80683590288916,9.297984027794216,3.326849704057733,107.0617656694656,1,train
Country_180,36.0362292506905,78.27917045382856,284.98513174664004,38.795968943303265,3.548252703835105,64.57333336546282,47.15958493055767,8.574263161248622,4.209073213915252,98.1746584059895,0,train
Country_181,51.5727221013772,70.39578149997223,257.7983707426786,65.6505253612181,2.5160059967409008,31.107121593521494,55.67515339916127,6.685377823269028,4.121130432997061,106.37501501025747,1,train
Country_182,41.91311416594298,65.56201858296353,172.87544196985488,81.05003732850065,1.3722164976708766,22.46102197318754,48.06229952124436,5.202946888942404,2.204622423936047,102.09919171718838,0,train
Country_183,43.880276977320804,71.36623781644833,199.86444225600616,65.30960344128093,3.7431348029260554,58.04412480288201,78.79959949525995,3.8075514491734217,3.4975136961023248,106.39987422081815,1,train
Country_184,45.35927766536284,68.62744115494601,303.0227321159581,73.63505884054727,3.8155053378803814,73.45077874051512,65.30047403419772,6.429003407045123,2.9878320766008493,98.87468915393613,0,train
Country_185,46.96688281683591,67.6603518188329,247.78950970233643,56.98444034286662,2.9655235033103873,42.06564616521028,92.99508398559936,8.493543796043305,2.089683645220307,104.12747151561915,1,train
Country_186,55.75569997646585,65.11728502483622,497.7880041561482,79.43165552210841,3.227949063486622,14.612615668075044,43.11067187651264,5.33738508556093,2.0640832611750017,101.93774021520473,0,train
Country_187,37.2014916642535,71.47538184911005,269.0037554394294,47.10941187842374,2.6400280984415487,42.703534030164306,39.12513541212273,8.146354372651533,2.3187388406139644,101.01940176385337,1,train
Country_188,52.50299849193998,65.8392380883066,368.07523517849006,43.39018071079599,2.106012958925837,56.81409663772721,79.97846041342886,4.760023052343351,2.84972111721912,99.52966828741992,0,train
Country_189,43.260512985318,63.828506290875396,304.7714261052373,81.23420185452075,0.6514832669919985,56.83446307510741,50.331876219698366,4.006835569237229,3.7758073231372933,102.88631899397592,1,train
Country_190,53.969037025671085,52.38980227398967,226.77398168740007,58.794993129155,2.642684394498671,54.92422107884403,71.0388222175643,2.4864422602370926,1.4348049227440065,98.24412770277802,0,train
Country_191,52.680853396854175,65.38212062345343,311.83430625591416,65.41683980884372,1.893612098118755,59.71869752570801,68.14540304635808,7.182651169099078,2.1394959011703065,101.10873773632834,1,train
Country_192,41.81582602577829,78.40513253418462,396.9080382477751,64.99422188174576,4.12876832722406,36.45481254727493,88.41712142977963,3.5168674994665476,2.1343732534597035,100.88690544631558,0,train
Country_193,57.10987972274461,70.68081948789445,454.13022761194554,68.74854562522007,1.5944300345880373,66.95864312969636,53.00315180504926,2.6629549771909047,1.9107093470077807,103.89497130297262,1,train
Country_194,60.61428047050047,55.400176524040525,12.113041083744065,79.55235496087549,3.7100615107392056,36.857487609677236,63.87542874950398,6.158886147561973,4.884482495844515,101.60897420315398,0,train
Country_195,53.738401373045136,65.88595246723929,262.83975112635034,76.75660145291758,1.7120389949653978,29.564737531712666,76.84789645710633,1.3738498641028007,2.546017906207949,101.0257732078771,1,train
Country_196,43.51583846147955,55.84155765186857,31.69170779916118,55.686372859098896,1.9517383975639564,39.342457553510705,58.9205414418732,3.216479536994922,1.3029696376108502,102.87012409306651,0,train
Country_197,37.405322475372415,61.82374541684052,288.1016074966981,74.68237154242735,5.580498115998352,82.04410791966116,43.44928588400329,2.6515015656393635,2.4876608466250634,103.6709968205175,1,train
Country_198,45.44635549940567,83.8786623700434,417.24842642642926,90.20086051473608,2.8485552586617127,30.85616744450988,41.5456756260588,4.472436871372501,1.0799800992604196,100.09862383890994,0,train
Country_199,40.053842084861856,77.05427783359431,267.2549329164537,49.29403834253718,2.513032072724436,56.39449242279871,70.8137708762002,3.456681890972411,3.1868501390216877,106.16047678182314,1,train
Country_200,50.416132945134294,68.4103668601836,222.22658326877814,56.4380749572738,0.9140659169776542,57.94303854960443,52.28836674660465,5.005162980242991,3.191529818849007,99.64079168791392,0,train
Country_201,51.63596548538056,70.40488465499223,503.63942971935273,72.93406501784409,3.432349634384003,48.079211508878856,84.54620989267045,1.0930144363963459,1.7706016466553365,101.08483801815586,1,train
Country_202,34.25663411915774,60.14237878592874,15.345274744198264,68.45580855911953,1.6637269471084766,53.65748852696648,53.673274560580275,3.034572974430426,0.7254608680034185,99.95145646664479,0,train
Country_203,45.98499056172376,68.49642244906742,403.9492559143316,58.575045972162684,4.977192225878574,48.716838505438496,49.72206856403637,7.920318462782921,4.0390797735555575,101.7294920487317,1,train
Country_204,42.625583066667886,73.78059711148508,168.7035638203928,79.62787312689203,1.6853833760470531,45.49892108773926,57.77633260789826,7.1161989222810975,0.3949364395001238,102.70331016590363,0,train
Country_205,42.534316265791894,69.52326629726471,217.90733450378463,50.87157754264092,2.494235525899194,48.650051875935276,84.52775217463235,5.522763287062901,2.404868494395083,104.09503887784318,1,train
Country_206,33.60516287273768,72.28053157720822,385.845136956897,79.20715801331926,2.9504071252640265,24.765500073253683,42.82607241608098,5.194907737893437,3.2341178142847613,105.8296493265423,0,train
Country_207,55.671472360115985,76.46998624711424,328.07145580696834,74.37379935065303,2.767625156294262,71.9876321390868,71.31407324004208,5.7317193447212125,0.9032793543521589,105.1399841548734,1,train
Country_208,34.28490907501029,76.35425749904434,394.1555404772082,41.793967698706645,3.291842796748556,24.654903321283292,55.43071020190847,5.810339947038196,2.426034280351866,97.9083959261387,0,train
Country_209,45.586618217514165,71.57590165253137,320.73182273274057,54.72291537810785,2.630262005562445,57.833489031530746,60.07425268047505,9.525244238612672,2.7172953249423575,101.37971599782489,1,train
Country_210,50.36078361219326,57.65654117417817,326.49062398236913,89.85191341285147,2.289474417711989,52.379030343231854,69.10669644667232,1.3133025838557915,4.5566667168626385,98.86500543279536,0,train
Country_211,40.81956753890746,72.54537742110493,296.0876539102804,82.44405000674693,3.2311105003704292,63.255523238084045,63.524601355550494,8.244003229135723,-0.0085976107918313,103.09228273984121,1,train
Country_212,44.09507897759406,58.82773906415428,178.60679873125918,57.02030032730816,4.044092644079362,30.869652147563286,55.152246354578736,5.250497740231583,1.2030500186808526,105.33704595775993,0,train
Country_213,62.872714431501045,64.10786154234816,434.3336621301859,65.75480779370427,3.6900409477123493,49.72930648124694,95.52992444971663,4.651336368766331,3.3627164909713763,103.82209845785307,1,train
Country_214,37.828318904922824,49.21784469560559,345.4904658900043,78.26777659365322,2.705953498151275,35.59925598432221,72.25204883343204,6.405666849825599,3.737051976837376,102.78420610662066,0,train
Country_215,37.193788311021656,59.7562129624432,84.823614512127,69.53477363143494,5.353002510552239,61.602102008690025,61.20389634690312,2.258507566734193,1.6084839201149106,102.01481632687064,1,train
Country_216,44.72224419457596,73.766717521354,256.9671876127623,76.02958992859033,3.212938087842349,43.5841910040131,76.4870029439964,3.196045131578118,2.2503365584942534,98.12178779212648,0,train
Country_217,44.27391483677389,78.05600800827031,405.76822921603275,81.41017714878362,4.313650851227209,64.25392736541156,73.773891482238,6.1074481541552315,1.2395337455546291,103.57828529900169,1,train
Country_218,54.06709099859283,59.36472275825033,304.3187977238637,81.84219607356671,2.901828253533705,23.220081674194354,58.523009577944386,7.887371119043372,1.494465496867407,101.68382978878326,0,train
Country_219,37.49175242257322,66.62826164754362,352.1725537261089,92.55220412939276,2.19002716883797,40.2442101038901,49.312463394178565,3.1124191090243563,0.5683599277454578,99.44621340296841,1,train
Country_220,45.65349384418711,66.82692309222723,416.6939025024892,53.27599273140807,2.4140742512093096,33.37692967058857,60.53618878582207,4.383055166679979,3.522650554133465,99.63257757955179,0,train
Country_221,50.806070820752225,77.04010514411152,292.503875751807,61.06193819586463,3.2674029073745845,38.7523922213675,92.28307103516188,5.581774606222343,3.3609289222764582,98.19867809849339,1,train
Country_222,32.49393932167872,71.99812964146923,337.90640627471,54.19092864630165,2.669869220236816,34.76101158602384,61.0174037229092,6.547704256010997,0.736167748071068,103.43623539350084,0,train
Country_223,36.50665823302847,65.2525442855823,304.7477750308767,49.97818939777467,6.462726283687157,96.64959454160191,73.68404788536122,6.61203036283707,1.1576677688968438,109.13204662765105,1,train
Country_224,46.64653811897124,65.51283592000827,420.4792294899552,69.51200098378719,2.418075666549769,43.05941425104484,51.95871331120667,4.829311386739343,3.255349046649333,103.5982767115285,0,train
Country_225,53.90961513428999,69.46717548627787,438.9682221919272,95.99992762223212,1.5787728706426678,65.82627014282917,46.315018347112456,2.2858488185837005,4.3115944475049215,105.40645190638807,1,train
Country_226,50.68698355130243,62.68454881884517,456.42734689323555,45.09248412441741,3.4308715037826722,55.73319596592583,76.90690399804674,1.6471446012528737,-1.0869696273261207,102.3461109398588,0,train
Country_227,46.03941724275493,70.88944218141665,218.73037664260656,69.73758800239742,1.2019051143902262,60.570681050332034,75.78882593745676,3.8359362307896254,0.005269878609884149,101.6106548692346,1,train
Country_228,44.9119974447944,65.85514404539006,432.42905417491227,67.67893218677798,5.85094741722908,53.85338215957799,41.2914949399911,6.967226916556918,2.4815867588663933,100.53368742800488,0,train
Country_229,45.73521080977333,70.41827049120506,136.9686968619476,57.65721835377785,4.432407884017581,56.16670206427718,71.98478930539814,7.340305289030704,4.561135685959009,100.08271049940961,1,train
Country_230,40.8728395317921,59.10392324361336,203.9459350133034,51.911198493056794,3.331999121002622,45.051810159420846,66.31857407581363,2.318697532878247,1.805410572024083,103.07838319695387,0,train
Country_231,49.08918382067529,50.967061516654226,251.7515253173691,66.59569415609033,0.6006149847953552,61.076606421916914,80.46191289388213,1.4138011753941564,0.5320854784328515,104.85654638022123,1,train
Country_232,55.58271382495228,56.31779490027876,157.48551447551256,75.49128210103521,3.0583715219677354,37.61630424606757,81.51206069450163,5.29559807692194,0.406661389354638,102.75994171716837,0,train
Country_233,32.257938719920006,75.43645263772822,441.8392389262991,76.97842997133561,4.163383823527498,88.35703023060276,73.30019949053224,4.55608011832249,1.0980353094772,102.67335220408131,1,train
Country_234,38.21969463783396,54.990037815276196,220.57805940707442,38.92522812302494,1.7894314604888248,56.020815037956844,50.47117089953066,4.086731238594794,2.5589006816102082,96.13742455282365,0,train
Country_235,44.98978996414571,69.46936045546818,318.5752236347618,75.54269465892925,0.45208691671255785,87.4129312167419,57.84973327834398,2.4315725660217846,2.5438358542477766,98.1864968307318,1,train
Country_236,47.03114159876552,70.8248178567283,117.73238070801361,78.2813964368582,3.507310639609966,53.283506315863775,63.66102157721578,5.724868293611358,3.93443415949016,104.58136334333578,0,train
Country_237,47.39528282779027,63.38528298984322,358.3597322963048,62.032490683912194,1.3114972715941142,52.25521624620153,48.70784854873859,7.570282771573078,2.3647489669594877,102.13578770616213,1,train
Country_238,52.701648948744484,63.15500862466562,245.2086169907485,83.07006743448403,1.6895856781184981,31.39480606822135,55.59459191640983,6.269578382120637,2.8897509687386784,98.52744948682631,0,train
Country_239,36.141808235804206,83.0556801583835,361.9523137668471,61.12338166379228,2.4688669753124883,120.3244802666826,82.50407865493958,2.027051978109477,1.8594700293495352,104.16846805020076,1,train
Country_240,44.2961513362822,75.61242636400333,487.70994948462834,65.71340592555971,3.703687417834332,43.96407883860876,70.84198599159791,7.699850327004173,3.7112744487782194,98.75106718286459,0,train
Country_241,49.53490455859284,64.86996853336355,533.8034359385659,77.54425723560476,4.319754481179688,52.62093105049097,61.91493131639883,6.161555265523614,2.3730384255264303,106.73674171482467,1,train
Country_242,37.36242959270749,71.98333158148465,205.6008244272015,78.51569363609109,1.1934606891749433,70.15027247213938,52.959468324020335,2.2326536950370666,3.4500211723114917,101.42466946982681,0,train
Country_243,45.71711065260621,79.32326958540227,193.0571331894964,59.35434297584021,3.1464885564677694,63.215277173338144,51.84577536215264,3.7137093698106955,3.335602350696249,104.95091592664716,1,train
Country_244,57.67818606807972,64.13891739212391,-33.868175718279474,73.45085427154235,4.261918523035501,20.59718330323751,58.955703696676046,5.250616559092402,2.9984259547040284,100.60591659352617,0,train
Country_245,44.16746555810554,74.30315596892153,110.85918694296637,84.06623651501025,2.610996015221578,66.7610381455418,51.86069583853271,1.876470269879094,3.8273664741103905,106.92340855712256,1,train
Country_246,31.615754102258645,56.16178702905008,287.3007789415899,49.85959517559925,4.262302096428084,32.65284981895711,49.836292111035974,5.122869937983237,-0.02387011679062301,101.04023223861594,0,train
Country_247,59.61719099199642,74.19507796285231,204.10685845424848,86.09022681274539,5.525822526541209,75.94403258919276,53.630837440778485,3.9848077203810046,1.9654277747595894,98.8528399012691,1,train
Country_248,46.73372633013206,58.454485435211325,170.97127354261005,70.41228157713806,2.6736535301787474,43.32107334141848,89.82267365152876,5.436438978067358,4.018387880128817,103.31375439654238,0,train
Country_249,48.32383214050964,58.70659834428979,258.36337043533,66.46619189593143,2.5140480194578787,49.34764691749367,64.79852614919108,4.854775181104322,3.2375113803014273,101.2566074816774,1,train
Country_250,55.171615825597684,66.39523670923862,204.63884907365045,46.829138646964864,2.4267396506850076,42.422407117013734,75.63089026509883,2.156252843170751,3.8381832871058927,101.72470741992582,0,train
Country_251,36.84843935719583,58.947270159932245,389.87941502258707,41.806507314693796,2.4961844353704388,45.07348523696086,59.953124906807254,6.462369888621441,1.6724308900997085,102.36102728402349,1,train
Country_252,36.757231593926576,66.96153674062155,349.00264520298623,60.32462185814633,3.7923988315950616,48.88338182012816,52.43566276079552,4.578365050928974,2.355974948033098,96.07725671208614,0,train
Country_253,31.50669710577312,72.96281781902634,73.39835499787492,87.77572692497665,1.3580346344336447,53.549455182040184,69.48203873851749,4.026529951618753,3.805106256131241,97.88743935363485,1,train
Country_254,53.75413101862798,67.68845239427141,257.8577013743291,80.77543918650336,3.997104587272554,25.31940614165183,78.77715909568181,6.707992806645349,2.7145692173064058,102.44906258631815,0,train
Country_255,54.18989374402806,82.76537803405236,397.5190184046599,52.96067848420965,3.194300175807212,67.76035829948174,49.88252496816287,2.888266176348119,2.416934070046352,102.33709153696425,1,train
Country_256,49.522638330383685,76.3423947585315,14.108952058900059,67.0979217203532,3.103186731490234,47.28348642175799,60.11149882171885,6.7514990956132825,3.2607192828572584,101.86290023033386,0,train
Country_257,44.21294024047666,70.34285913540121,308.044106176783,90.23020676747993,0.7553140568363039,27.773068614017973,86.3645544426857,6.447306688507928,3.1667700070305917,105.47456055822155,1,train
Country_258,30.35315958644155,78.01308322027147,136.02430210425103,50.85891544921781,4.5934913309128405,26.19711282591407,65.56381819179869,7.554658773873674,1.8104877422090795,100.23275954615005,0,train
Country_259,48.876228543855774,76.67057317495096,365.00702655881616,46.679479922136466,4.982244827588073,64.20490875418184,27.047026383437554,3.50042501381826,1.1379588867135104,99.66690714431044,1,train
Country_260,48.54841908904417,60.77814287382835,422.99364171935423,82.23106888498891,3.439100818524065,28.0419144768918,57.59080492387558,5.513519451500327,3.9849488643483975,100.60711769296597,0,train
Country_261,44.13777569400221,61.526081829556446,268.6821152309628,87.92507249525616,4.965444175170818,46.790465832723186,58.43791585667447,3.778675668997547,0.5744824247504006,103.11828144716486,1,train
Country_262,50.28152253648101,71.33557664410206,279.1358375436739,73.53816956396209,3.548458279956388,69.40026311652073,63.21864167933852,7.602670231521074,3.8768342446778803,103.07704963162273,0,train
Country_263,33.56159590666515,73.63817848775945,362.49143767867173,99.17929289601662,3.940809888506586,32.63711825075711,50.50704397950539,7.227873847417838,2.178265285239342,98.39132996408601,1,train
Country_264,50.426091052012744,70.44919389714809,261.77498998689856,78.52394356012579,3.2249192895069987,80.56667617243382,41.13735296030036,6.515844173825652,3.779183405240498,105.80059969319454,0,train
Country_265,42.4979660887892,66.19604529525897,532.8810076842622,78.59853653990567,2.3478376642775713,67.98233267787737,86.20623782908346,6.632762112251621,1.5388239335770537,104.93827495787984,1,train
Country_266,34.19972127027617,72.71455427464635,393.3993051123391,62.270466504340924,3.6825518006733833,49.70504552732232,49.56306506979006,2.9847993595941906,2.2555823828086385,100.13396353698222,0,train
Country_267,55.61072598823583,58.657828285618926,539.9054173130994,66.86883562944925,2.1247537840061406,43.20357360607651,46.785557290143174,1.2356653525206518,3.389186984574599,101.53905802517572,1,train
Country_268,39.79239767493998,56.05333637254519,208.4605146677299,46.82750894689906,4.908285946128773,12.866997252360946,43.22680776341578,2.9339565392662825,3.1602128713229933,102.76132442253301,0,train
Country_269,42.34165508418721,68.12220008930285,371.7686145456904,58.468415978870205,3.630397680037922,29.190276444215886,70.50458274405327,4.285485594624658,3.7640542506837527,98.3299482852218,1,train
Country_270,42.87197504869058,59.93275702850574,388.82626861421903,44.43059799741662,4.4109773541384385,55.337910011778646,66.0895980814889,3.3236813855480847,3.160408620737707,107.25216541454688,0,train
Country_271,37.96953169293952,71.52551638493888,292.4302496475023,53.89480405781461,2.060206887252418,62.44731701450128,61.71926164955336,0.3941602743989243,3.048745815665823,101.04723201650962,1,train
Country_272,53.841976894992044,61.3509266647838,552.8312728765408,51.368761219863416,4.269471428824906,27.641723302340207,60.52433422184872,2.404979884651577,4.095818504214355,101.93668854181058,0,train
Country_273,55.4581534602291,68.72171323758714,129.07692442009352,57.75324004860741,2.5793972296229413,77.86698948052633,103.34193203167641,5.071685863994158,2.7916202331393536,105.75033667865614,1,train
Country_274,37.36953342514671,63.975174324786174,356.35112350940443,70.89699881712973,3.248812960764814,29.406787219589628,59.162849638089284,6.125754598912042,1.7278948517174775,102.22343128476913,0,train
Country_275,60.21792733639592,73.31869327752165,395.17482796512127,54.857171504121496,2.38894922047569,47.28560892935512,49.81983888338196,2.8817990827169617,0.5310701861033891,101.37636048659228,1,train
Country_276,53.16254994817368,71.43424450864515,357.15378127630487,79.28130287226537,2.3194122191093554,34.7011270685528,54.06621522079898,2.9174847221762796,2.8896052178482345,100.01053250611247,0,train
Country_277,52.411621935046455,62.4771876597692,391.5050140229884,95.58140599241048,1.5917294982426435,43.07618339999571,50.877622854388036,3.1794523623493887,2.722826177092256,103.50095855846001,1,train
Country_278,40.63754050224452,62.40013899588563,305.08929029114387,70.30942614433056,2.016352481230615,88.42942105005537,54.098384267531905,4.876239408923973,1.8363171848094404,101.22391369170693,0,train
Country_279,36.265690890051815,82.5259096641424,102.33749869417596,67.62575953293178,3.8433373561672113,24.25014360336038,69.31523945614778,7.933012805417499,2.7656436061359115,102.00002253666374,1,train
Country_280,46.22631359925912,64.24800543559452,345.6213173655117,52.647101052229296,3.7421756743730326,40.9065369474515,48.87565724602383,2.3872488154116875,3.399433863207282,100.22806386369449,0,train
Country_281,52.12015985760475,69.27563664862143,323.6289314450932,53.93190936153021,1.8498611360639805,62.84596813361826,60.95718460141482,5.417484861222161,3.1912174067699715,103.56553450934199,1,train
Country_282,43.65334156984967,89.65508953301527,652.2056808105488,72.20469663675838,1.622966769147114,30.91501745589083,66.32608933454328,3.546786226758245,2.4919572779088015,96.00976338324585,0,train
Country_283,46.98945212720692,79.16754083345222,178.27519638282692,65.2474996159949,2.6191752713365926,8.271882646010617,55.26524884114144,4.161670888508918,0.7377316396332054,99.37637843793152,1,train
Country_284,48.474826168685375,69.231112376603,314.98422626859417,56.960717057696414,2.360114576601954,49.61698355810629,51.702867621604774,6.7728340211716045,3.9871703765483684,100.58216062124444,0,train
Country_285,30.43210433074193,70.96687810508512,243.73254004492156,82.73445605478346,3.8901194212764385,34.08903153479465,78.12345839042132,8.084554680517622,2.8734686594785463,103.8304381099514,1,train
Country_286,42.33257563850974,59.62671681465564,426.5864245710796,69.21663675570733,3.2399897604391343,45.75934964905794,68.89142197960274,4.268697467581821,1.9918865186974242,101.08576918256561,0,train
Country_287,42.20002239181308,65.60822918345426,334.5938772798346,63.026020596851694,2.5040865888533936,88.75770555908863,62.50890725978774,8.715972361837606,1.2042824704716326,104.26445020284328,1,train
Country_288,46.590544056999775,80.0280801465461,220.17763834469287,92.48484484029274,2.643624681801974,47.13729406783152,40.25871100191752,4.6308976967574935,2.341812275634114,98.6718425318499,0,train
Country_289,28.73202758284291,76.67125553879335,383.41650938602345,59.954922242970234,2.9218476362367376,39.94633077805223,60.32888015480867,5.8000853774974015,2.8337387884841374,100.49706937915191,1,train
Country_290,44.82156498410255,70.62893507573317,196.88082588039532,57.266643268138864,3.448220250316802,55.90572047469209,51.24075373139811,6.29306159730618,2.5059230608047223,99.98177240908751,0,train
Country_291,44.25532325796963,57.84647764777547,103.69211504509684,75.48537694415855,0.9184119922793679,38.5649525023701,77.38005883349079,5.9633881285228965,1.3900397583246287,101.9550287140142,1,train
Country_292,35.02883417533601,57.386477487394984,255.8618284115343,74.4117432713989,3.309524574799219,45.48270319209874,47.84483504594478,4.849036485060222,3.545221378568601,105.31124407038467,0,train
Country_293,46.24218728816678,70.47582551152519,366.6207213364486,78.28040312013557,2.4718683511211297,46.35598551278317,52.44832538965994,4.042401147059877,4.669635443587433,104.35481316688578,1,train
Country_294,41.022082354611115,66.83853423392836,312.8987043180307,64.25062351218106,2.193494727307361,73.03751556299379,39.77363092451763,6.436680762320393,2.65484434761337,99.55958458531134,0,train
Country_295,42.20796708360825,54.69600693775187,356.9967083328604,81.32696909855238,2.413926854762395,58.36144270412035,24.916585879338882,4.237208917127551,0.8051180918419514,104.77587781048928,1,train
Country_296,48.05450549792809,66.12209937199424,253.29255623475217,61.95667421170523,4.29207497377853,28.248449512059867,71.58379690883021,6.099177789761172,3.8269051972751784,100.95618999471758,0,train
Country_297,52.15188736408163,77.5062874061957,377.95172302967484,87.24304618693066,2.5204380275808407,51.683337944653964,82.61399369443393,9.334780760439617,0.43403826210567065,104.81113031067775,1,train
Country_298,36.43507264372202,68.18233201160251,205.45222769983252,68.68533561076717,2.9921136207246475,54.09332213132537,67.34617035938174,4.003688368747774,3.392276075214575,101.13727312048705,0,train
Country_299,48.978555654735665,78.91963515112245,343.81021005362635,73.89668954550032,0.8867335394905629,39.105971391250606,53.0601513231653,4.998680771723243,0.7299725357238758,98.09680176372754,1,train
Country_300,45.88314434506075,68.16260213850396,394.34351139279545,87.09134639933214,3.983910199418345,40.38082445316828,67.97581289054246,3.1033065034702703,2.8465812726975575,107.36992778861914,0,train
Country_301,55.28859145740549,67.08091678187877,440.4436445363067,64.5812446921095,2.3118727875350698,24.031927381027145,70.45335244663747,5.9118815683317765,3.5913928206060852,104.4177664423093,1,train
Country_302,44.10383732924496,73.40481287811025,501.6876905548935,100.11925642818275,4.276946965478787,52.19256598877718,63.42996130413477,4.866779337305358,1.8993173400124141,106.73187420559607,0,train
Country_303,49.600051759802746,70.67197359760257,502.5145162015573,82.99597213169245,1.5424661454388766,75.25949779977705,56.2585310712754,2.664835923583855,2.757831281791388,101.06940929899963,1,train
Country_304,40.54421755954998,79.1683783333862,283.1666610523532,64.81664017764531,3.0483618252475853,39.92631800774929,60.43168805488424,4.057712513672349,6.476011836102852,98.83687489226784,0,train
Country_305,44.43794545689599,65.7378137794727,239.6951350330515,60.38092225295829,3.08318606442915,69.76150479197838,80.31759619037443,6.693283049464891,1.9015818754704377,107.76521450375051,1,train
Country_306,60.721868771665115,80.60526626839658,219.42562083560568,74.92151964112666,4.202305138969319,57.528789195505034,66.13132194028319,5.798045415468736,2.227082246973678,105.62195109150062,0,train
Country_307,54.52133292985195,74.59027144014338,330.635682419887,76.4872567536967,4.548148739584638,50.70533100340526,72.89153499901931,3.8294990799433863,2.8650593192331173,98.17601453843993,1,train
Country_308,37.40468942344424,83.20785443639271,291.7976180688268,82.15572227045301,0.13779034838301163,42.72142765395858,54.96325110362493,3.583522918899769,2.7575866818813886,99.40096424468551,0,train
Country_309,53.546889147364645,74.77146310394666,186.67731120021483,77.66982076511015,3.4274238837179305,81.99586659288826,78.23802903274574,3.0633603262408964,1.4773896136657219,104.98330500706773,1,train
Country_310,35.92789297318801,71.29921633420084,194.59823196072682,73.23417609278484,3.995917783198117,53.74160582740042,46.39774139016081,4.76707573462978,4.05426697393202,101.44620050222599,0,train
Country_311,47.07339489838966,82.68998236059083,553.1434429863094,93.7203421202375,3.2213332077609325,54.85046042424185,59.75099813297059,4.275864835158745,2.2132597441308897,97.76710208516607,1,train
Country_312,51.12419954988138,64.22291877795416,411.75178449602834,81.35005157394818,5.021618904286473,33.01743094524149,54.19986961381875,3.2395743546622415,0.7190858050314521,99.98939109269018,0,train
Country_313,37.15807507074526,78.54484141890718,-4.697008675654558,78.05472467239974,2.7456568150012726,44.76207198172234,57.80945254893765,6.231515111515224,2.292429219349551,109.13471886230565,1,train
Country_314,48.07476611787369,62.73325352098142,212.43895574104067,62.35736477875037,5.258668075896122,56.77604698604074,78.25556184983567,2.1715780520206893,2.0054293039233704,102.20888560873664,0,train
Country_315,41.89593467168278,75.12378352759467,450.1800860862638,64.90815109846787,-0.3964603003447196,36.389254630975046,44.39237544099299,6.465041113297192,4.862163975917394,103.02922445584447,1,train
Country_316,61.05818468967865,69.20413529426939,410.75697074455456,70.46169593564096,4.25644920105276,30.314135467232564,52.94857833716807,7.716223143280507,3.705651045623905,97.93442871865301,0,train
Country_317,52.10092553469825,79.35335475629395,290.927728363715,75.4106535359921,2.361127566828805,58.55115071727236,64.75674492637592,4.529394170874227,2.36136711624339,100.37238789928249,1,train
Country_318,52.01175827791074,61.34618944307542,318.48510051892515,69.81215442998136,2.4042218974872975,39.82138622466343,62.287703884673796,7.44884936946956,1.8213970525022412,101.62843544560363,0,train
Country_319,42.00998045111032,55.47274469564998,306.2535637281442,81.67881322080834,3.9875826115862987,44.35937474460761,70.43564646539846,4.802296356578363,2.8390381150876483,104.80792472389297,1,train
Country_320,41.18998395932682,70.33789535340705,79.21934864654341,80.23007919607738,1.4950389834197215,45.85284101513876,54.75534511616919,6.423340780218477,4.7370225105455,101.43595426373997,0,train
Country_321,43.568708883612935,61.03082413648028,391.8209650916126,85.36965856635807,4.461885203167733,35.07047491616376,49.29766336872757,7.10923904742519,3.5370072062683917,95.85002031447894,1,train
Country_322,39.96750827858493,48.940858823709796,253.05796928105545,67.7253356413744,3.7689607429896057,55.13724595964561,67.45893468455573,4.498544782713398,0.7757418342963354,102.64130641261927,0,train
Country_323,49.50933663021782,58.20032923892669,207.86593771125087,88.4181311477605,5.00618232010641,44.628945331379185,42.835387297591474,4.103285084006611,1.415253619066167,100.62831695860027,1,train
Country_324,53.08208831037681,51.12330220245936,30.774104902182955,94.74430840337672,2.3846766024015884,68.30584010185873,29.921236010901843,6.417207870759682,0.8932718295512625,99.03794735919107,0,train
Country_325,32.3267184496344,73.857806643701,199.05677269972136,55.42366017736497,3.858384032261512,81.22211535699158,68.83981776851151,5.822082672862678,3.3458192849036994,107.00333469797667,1,train
Country_326,44.51344804964926,58.67722411794233,497.17134059680734,86.82351730279193,1.8930449449759763,61.638706293046255,63.71274009913304,4.557978272165184,1.2071501564436993,97.7675042097451,0,train
Country_327,39.11949137882103,68.92368306279532,520.9259038467353,49.41612520020391,4.271867790486247,56.83235816219374,74.6388826197215,9.345151548414325,1.8777137428951933,102.41372306744029,1,train
Country_328,33.04640659384917,61.14131719218039,463.40640854920287,95.96998855156178,3.5506149378989007,46.060402342622766,64.51243476614619,5.294053198339036,5.293063672913036,98.9687701538991,0,train
Country_329,30.02036707611171,63.54010799978732,158.66938838217283,72.10332506972219,3.117612473374907,26.121062402090104,61.90587167272079,4.712446107332552,2.697845798753772,100.07718763416675,1,train
Country_330,43.29594108620916,64.19697498172573,435.46947838396056,48.57412697556433,2.65100772120019,48.1671424575763,56.51069864959824,7.012658286843297,2.22599953615039,103.03944596814846,0,train
Country_331,43.76206643131817,62.668951407177936,287.11279152582057,69.96883841473351,2.091156960709047,99.73256466101128,65.7516969181462,7.391134757341341,4.408924113130882,108.01312981134477,1,train
Country_332,32.07516480908631,61.37188502932281,107.84713022064784,58.24033973116965,2.922127275117179,20.507839439004922,74.25506814926811,7.2495167611676905,1.7413386908008834,104.04152416456134,0,train
Country_333,50.33240672475647,74.7924462104629,161.0278246845788,107.08067064322083,5.554656490906038,44.19376300269364,55.45223796937368,2.6384615690000226,3.1478029268786516,101.99042228751367,1,train
Country_334,50.35604951905877,63.13119016979049,124.5183739563465,51.18619448193948,2.6092701542320773,49.68609287671243,54.18659558586259,6.257851657004876,3.4037958782451843,104.80206582746023,0,train
Country_335,45.87291293173988,84.34776741667326,581.27830960199,63.02913490659628,1.780868875919569,66.80507241081732,71.21014568668862,6.905053361524205,1.8126836214859088,98.92709876285635,1,train
Country_336,45.24681212736545,80.39245299564165,251.73748314221191,76.04123554222538,2.6745151276506327,31.164568323171345,45.59214239575048,0.19683912158953998,1.8034220392323554,104.65032653616088,0,train
Country_337,43.84656357445906,62.73193956155885,317.569359969209,74.29720322011575,4.048798814574007,39.83600215542185,62.28619372886361,5.96577451179122,3.67417114374254,98.24796581081624,1,train
Country_338,44.05348563982575,52.10929231668613,175.24203654929102,70.65701363568282,5.4010492367593415,42.71266964812916,51.57608332035913,2.701075429548729,0.9498523585546021,99.41485224923942,0,train
Country_339,48.465740064448426,52.733066369752805,299.2729926864661,60.15262934626952,1.795389103787295,57.281906211044614,50.516005403824636,3.124794429292125,1.7097086253399,97.36653860654194,1,train
Country_340,33.34304952351314,60.12670066932875,138.5795867270795,78.96681786016877,3.2517046227209048,26.046981837269403,56.00956689257368,6.102265854355091,3.281682269041412,107.14396527981998,0,train
Country_341,37.0787862467008,79.76345963869822,279.7076032864005,71.54510956479845,2.0198613426686,34.31293442660048,89.65166879200831,9.082574683191211,2.7650483830124766,104.50306902676616,1,train
Country_342,48.21825585705564,79.15583852100447,62.30544970424151,90.05228202569165,1.333854783482579,75.78291372341356,89.6987765724945,2.193761505704285,1.739407003617584,101.96307691197357,0,train
Country_343,50.17716724143536,52.146572504228814,305.1557427211641,80.39316717055809,3.992778694725402,64.70350477590577,55.61212786342562,4.478086305005912,1.7332776710682336,109.58738367675967,1,train
Country_344,38.25420790508937,68.44059346678597,237.95862568031973,63.14396808539782,3.7352874462968413,36.52983898092133,58.16388188575288,3.801971621692659,3.4699533405142358,100.79804292488596,0,train
Country_345,43.960790353712056,69.54171153609305,550.1958398373583,98.20917659148802,1.6107250401904214,38.62672429515152,40.483207673282706,4.522052836446627,2.2566963733149725,99.80562552204138,1,train
Country_346,48.99499917631402,62.09884616702026,265.0842316969078,37.059247969835496,4.070038686739933,28.817504386485815,50.26373436084515,5.857409346394659,0.8280176080661992,104.97189377139291,0,train
Country_347,45.35786784996071,71.2707886636543,151.16818606227622,49.82372965523694,3.091369379710934,46.96134951329085,53.15936310514625,4.981763933968407,1.293197617385461,101.4496365720137,1,train
Country_348,50.516151782261694,59.07890114738777,170.59451125317904,63.22212348668386,2.748252624447875,44.85885555030701,57.956537035321396,1.165555798997092,4.439715406544587,101.26804646501812,0,train
Country_349,43.79369862860461,59.56496048873704,287.92158750847295,65.19560949023736,1.7475758655853622,48.029461974613106,38.44034255461311,9.747641630769081,2.6104069707013036,103.30296922758872,1,train
Country_350,48.34512402130213,59.663352707727896,278.5799620910086,24.944093892987496,2.0698389357763993,56.51961537270495,52.94154510641339,0.2532080361416895,0.7938079067314312,104.40358035886774,0,train
Country_351,29.062824916527674,69.68080903099039,99.6167352290089,83.27411264216845,3.634568028138041,68.99642251613355,56.75116457872785,5.988641584693308,2.6267262039397505,97.9955901199814,1,train
Country_352,46.99343309185862,60.813477705998096,125.85473046334408,48.06590609850126,4.663678107914234,61.58301684970755,51.79423999866329,0.5543038164642589,3.272436914637619,105.44049218766665,0,train
Country_353,48.46313131607367,67.38749471705802,152.13538903307716,68.89836744952935,1.955643450960651,38.5155381318483,61.01968350427503,3.9988894241540818,2.4798325222302333,104.74221904089053,1,train
Country_354,34.36206612613701,68.5210508219455,323.74392199213935,61.04682092041759,0.8832280516631097,30.96347296587303,91.59499981151254,6.118410401438847,1.1354620222292435,100.80374010121774,0,train
Country_355,39.89383326801987,70.1589051207829,358.5806114666367,82.19273711347547,3.185469384032572,36.962962313862846,75.65073650288633,3.724469819961565,3.0518836634128994,107.40485014379404,1,train
Country_356,47.48269699934081,53.03863095753188,348.7921972466956,71.32583799751517,2.0628018740958125,58.0422135684049,58.26338006046557,2.518097741153418,2.782416147548709,101.4539862190937,0,train
Country_357,28.688919448270322,71.17900666713633,131.19169445650726,77.25957150651244,1.3118219613898314,61.221531193669264,63.89427070151165,2.2753201778521155,2.942787078692542,105.08600269810222,1,train
Country_358,33.807018236905265,58.78303728964524,136.36457851766917,59.57840721040941,4.977223725122285,45.26915185430801,77.02876520371993,4.106768930412236,3.9919457050747367,99.85181238749931,0,train
Country_359,39.4889438507629,55.472692252300156,408.01546948658813,66.3494632183124,2.354971878454309,32.471215982984255,69.91524424077201,5.7515344062517695,1.1030954243314022,105.84017428950885,1,train
Country_360,45.709449310913286,64.33880825948417,485.4082130871321,62.89163034109446,3.107146669834822,39.93398312959512,89.7960327152425,8.972810970875834,3.7590755579516504,101.4306300980738,0,train
Country_361,38.19721723649973,72.81173228391852,327.83097912314844,46.49511017866867,4.42257735093335,43.828337840982705,72.13192039978118,5.062741986426442,2.32261489189372,97.9697115851337,1,train
Country_362,39.45963622397564,61.27070047256913,273.35846349567277,70.67449722232386,3.0034939233011064,33.28243196861845,73.3974923676735,4.681629895497398,3.1609124554436,103.12183011839983,0,train
Country_363,36.465891532506646,64.38921810698305,426.67041830126277,99.73630397785858,3.6179498881774146,40.84851205098207,80.82757896398144,2.0159593443187793,1.4016015289183377,105.81314470218405,1,train
Country_364,43.0895394374931,78.6105792566218,69.99665146079604,55.74374959866451,3.7508412887433282,50.47506141033058,61.771196804827056,4.635018915140407,1.8380380342271605,104.98259323251568,0,train
Country_365,38.189140855191134,59.45179345253957,310.7225314201268,31.82612792148315,4.047194327141114,61.84029117300131,61.29969863733593,3.9215718296410573,0.24003374141549827,96.82669899756934,1,train
Country_366,51.93740581796196,67.28725954277488,321.403734421599,63.45507014933912,3.7145630059059576,18.29186683252933,67.25492555005857,5.421755733066291,3.6595885765981113,102.33731206746043,0,train
Country_367,35.38076534926182,73.29443172284111,182.421013381476,85.24935603343268,3.431146280377487,41.1110688015128,67.98165817141573,8.485336666392703,1.228061311016796,107.0891815615848,1,train
Country_368,47.282638644318034,75.34268228123216,311.060838337934,72.81883688362302,5.507795058936113,50.374638394425276,55.36745387864713,5.076851153719137,3.9048250222014875,101.35791140053466,0,train
Country_369,36.11777890634263,67.69742943710595,392.92291748463293,70.19534611989005,3.547080639041735,39.45113055719096,82.80565192732298,6.072749814113145,2.876218577570783,102.09156589747002,1,train
Country_370,51.40974805231702,65.84197683772436,258.6936447732164,77.48566528713924,2.9872737973847814,45.98586030102145,36.80910367678978,4.224999235060365,1.097032226844292,99.18418932958578,0,train
Country_371,38.14287515798577,84.7402847026014,457.24850758895275,75.26074078860626,3.4160345406297448,74.3551597276562,31.26504105794231,2.821303926253241,2.3393767061172923,99.67855199512351,1,train
Country_372,36.11453419346367,63.12630126372214,350.7577351358943,79.87659820585296,3.266188822614028,52.22052664943191,66.81830541928626,-0.47381993209780315,3.358557271901085,95.76992615363197,0,train
Country_373,46.06428472371604,73.83558540661645,395.75347688097213,61.62997418220054,3.761591492414941,63.53886943044654,76.85551045278979,2.1739259302822656,1.4126221735016329,102.99987920567148,1,train
Country_374,44.76549843606408,72.00712627163867,332.56271606644515,68.70942809640168,3.8845436565602256,50.19777494184645,44.45623736843858,5.760139370113846,1.823679191624974,106.65144592706208,0,train
Country_375,52.02914047916962,63.98624825348266,342.8491539647879,48.99015523807496,3.1620952132497058,80.98691347860917,65.20227195723876,7.185632850069839,3.8793311682361535,102.41109379089731,1,train
Country_376,55.43796734960848,64.81129086056498,302.9111113416565,42.81809515633742,2.4666514527744865,40.56066511679959,65.82236849272887,2.469432780335167,2.7774071071459665,97.20108271741947,0,train
Country_377,40.309455765207694,63.90045686478295,514.9013212473121,58.914786583115465,2.8595504940233667,69.04183082503768,51.58578821703489,6.154245610769463,2.2662291553516787,99.2333202161099,1,train
Country_378,40.31423593448374,72.50417982947131,203.57337991266485,76.90358698250398,3.3820507102828334,31.609035082327004,56.47577219585275,8.929073600452991,2.666014279021758,99.63736036531232,0,train
Country_379,46.12223908407648,66.39404350854059,156.5845348466655,75.95082178630749,1.853077337438636,75.26122301117358,79.14448714056977,6.650480806244647,2.4369423570669277,99.38688759141758,1,train
Country_380,48.79946854087841,60.402521376300896,404.48707105704113,44.950226459518646,5.092063727726831,45.05582236350949,47.217376427591056,2.406849489249549,3.271516715887663,103.27161405627902,0,train
Country_381,49.41292347974619,68.63605892482249,253.88615922648165,71.94746980841406,1.5898100802671447,49.95974343914919,49.81326152612172,7.859713193366621,2.9671865406806535,100.7856942143223,1,train
Country_382,42.35237485525465,74.93026645169036,199.7828175940923,63.510333373227624,4.027006282511442,33.17763675413572,76.5503858127804,5.216935760758935,4.486021115289372,102.02035196244073,0,train
Country_383,65.7988915836053,72.74906077678054,346.46976765553205,50.44955645141784,3.362652168375225,28.0602959343566,58.073690758462,4.641280068686391,3.4824165842990045,101.07278138187137,1,train
Country_384,44.25923610930081,60.205312698214726,231.96747701957793,57.21840892635534,5.5267695136605735,31.57013487525911,40.34369855813362,3.4528434823036704,3.89573263409767,96.18070856929995,0,train
Country_385,54.63893215473621,62.05749121514283,204.7222654894789,50.454382673298795,3.5866103249160606,40.46969876759751,64.77478535655092,5.325409544131135,-0.4890652903434036,101.72669703401613,1,train
Country_386,49.53884226728939,56.199613780904116,114.83295770109714,64.19958377073016,5.221214719025781,72.75061458800704,83.25794627904904,2.9553536647702416,3.2548182086508963,100.3824033249173,0,train
Country_387,49.033088117667596,68.7613018151987,101.51276853254001,78.93100321326064,0.5565679451984185,95.2570864152211,102.99187383195925,3.997276932969074,2.350348692213226,102.23936852646013,1,train
Country_388,49.44338150920406,71.2338734827802,77.55961327194521,50.143310288147205,4.3590332708390775,55.10046546285077,47.702409410920005,2.052154783200876,3.0266163241874713,100.74274468898865,0,train
Country_389,51.37481378524282,78.02472496449256,408.1985318604486,75.2015177433051,3.396654087294745,68.88675972581356,51.450521919138964,2.117567235576401,3.124227116949518,102.8200013745744,1,train
Country_390,48.884898258956774,65.43890743702822,5.870814157058419,109.00388827743453,6.640586254018722,37.8160766729264,70.10026732961865,4.877844253113833,2.894066335832019,103.02987721826997,0,train
Country_391,52.08802271836682,64.14760417492552,409.84243886468374,81.01492502626199,-0.008460064246970767,79.4301284891892,72.26129120597028,4.135565471373025,2.467456128261035,103.5374034634473,1,train
Country_392,44.225446332778255,70.70328189365951,29.894864936508526,68.77862865021928,4.682609455650611,60.52437803342455,60.86800723711712,3.1389659299190784,2.6744294890415645,98.44109146186213,0,train
Country_393,44.46485673090311,68.10468310928385,383.9330236966569,91.23263749967344,4.070650398931454,38.032354089284155,47.88752981033674,3.568543004389818,1.365460543911586,98.88439745444992,1,train
Country_394,62.43212199972719,76.8970334629916,204.95128698700617,66.34489054904162,6.323606531340605,14.983494899856446,63.53629689016758,8.706543514947436,2.7685878795164753,100.34597499699345,0,train
Country_395,53.65894342299438,87.58598121566351,302.05010662744473,88.30183292044613,1.8988019868808184,57.75139816333524,71.98550347244299,4.396697502764063,1.7743232916135379,103.89875245121328,1,train
Country_396,53.49996845889563,58.105046942639014,203.11778328107852,71.8720668724513,1.4998643534505884,28.546501812246373,62.48962331803941,6.3102885486099725,2.918486712688004,101.77217981633204,0,train
Country_397,56.959824929219735,71.11749736584109,260.64456926763575,39.331034759689615,3.6813983220448327,44.89490375265541,57.16869683961663,5.088762567540812,1.3759182732817656,103.41940700702531,1,train
Country_398,45.388949076492025,87.71711743555288,197.25035964395548,69.7934293992082,2.6207418759887293,60.13664500731316,44.29218675616927,4.8546544940355885,2.678099591070976,103.24807849042722,0,train
Country_399,28.466399718296813,74.10367076462543,336.2474897235404,88.16455574828592,2.0961883439914333,50.73374508288109,47.99480399576037,3.6121734685054077,3.164010058727077,103.61164346358375,1,train
Country_400,50.75570464920493,72.42749688155358,163.6368075767844,70.67890944245373,2.4028447163381212,46.37872934992211,61.974268548380046,3.3647670157428897,3.6204696918050967,108.73664102146796,1,test
Country_401,55.898207395747,76.68329052591108,333.00080464282615,53.68124682017476,4.4897343979190705,74.39694329132527,58.482564262210765,4.42464853054928,2.5039350138886745,99.15997343564376,1,test
Country_402,47.933415131179444,83.52610562029321,241.9664849379709,73.76956764166874,2.6414536508309765,28.80545663533175,51.084999637054445,3.0468024192744556,0.6753101708129419,101.08250959674261,0,test
Country_403,45.33556659739757,68.67762985972713,154.17478748679724,86.32378890864629,1.9484517608583922,28.1761986814102,66.21725771739628,1.5879296604707984,1.5522340413879503,107.3871699665507,0,test
Country_404,35.609934796112,60.54822542271251,363.63320694266156,72.82811922587507,2.72659282173884,47.780798771053824,51.477136668264166,6.2107070346829545,3.6333927297835507,106.65712410668097,0,test
Country_405,46.554939307685984,70.91438094988948,134.26614984252615,81.83612246831176,2.772832073256048,27.508569106503042,73.66366254245366,8.762714792883951,1.6647887906736676,101.10059530617768,1,test
Country_406,39.97998082813402,72.63115469950684,447.52069244116035,76.09386078100553,3.964122623400705,40.31558043150699,43.27114778134463,7.8157270341811955,2.7963163690174335,105.64448727720146,0,test
Country_407,43.930695714101745,69.11625109270705,116.33089855257674,84.53331868396465,4.110020024235072,41.8139290849589,73.86478171282391,3.763392800539539,2.454367441078235,101.43672444407542,0,test
Country_408,46.44824107877289,97.08719192418894,203.2543404770613,55.23910112296716,2.9075961044815393,37.00060533758638,47.920347162249726,4.901812422203251,2.6900639063625738,99.70856210396836,1,test
Country_409,55.287241416008456,52.66901476896108,494.32544410713746,49.57222768283746,4.210873576602347,61.84160252324813,48.828652564873344,6.957331464569628,3.140074262957608,97.53106159119848,0,test
Country_410,44.58682978246795,53.81273354681245,386.8624709286881,76.99938766440673,1.887752089358703,36.068212459108125,55.50879998417645,7.306001842988339,1.6057644805125189,107.01741922760044,0,test
Country_411,39.02785800202563,56.9817228507575,234.1303881485855,49.74992268954549,2.249245015516725,26.250426143365253,67.26050541443767,4.242198535542586,3.876289115599718,107.0002740492916,1,test
Country_412,35.5997615509617,55.49533556750498,214.64751130021924,71.04939453341207,4.796475869139522,79.85619572652449,69.45633987894267,5.530250901513334,2.8518962639861605,102.32323889579534,0,test
Country_413,50.73641131897868,58.84407759917661,377.16605070511065,70.01644487339715,4.291424862187054,61.250801966655466,55.3840439537647,3.648032184639574,3.057297445500912,104.32953625574048,0,test
Country_414,45.441044484742676,76.20419118099854,110.06872414094488,95.12867564124869,3.9336405752804033,50.509863123231504,80.31430794338267,7.393316605568833,4.842175913546363,104.76961278503606,1,test
Country_415,47.21765497338091,50.871539388362585,315.8507339303889,73.90444437415498,4.414426231291872,38.45212533627111,67.30790421911314,7.408165538459238,1.7563587976260502,98.59584878977138,1,test
Country_416,40.364069224971175,67.99342371616281,371.98934859080674,91.27144846453234,3.5181046914133844,43.08905320448074,64.51555987351811,4.8182306036328155,3.4596297795734925,100.06333782868177,0,test
Country_417,39.40169358845364,71.54276288029784,287.3447268320537,73.12509407488272,4.116000062197415,37.145516780996616,52.715721384205004,6.185148820163892,1.0508718125207674,101.19393751027206,0,test
Country_418,55.01492515582364,78.4307997267924,182.1583584990923,91.9073536795412,4.025803396973869,52.035206833365734,59.979562045619616,7.8804688662230316,1.0017948753927473,99.00995105717269,1,test
Country_419,46.85981450587509,65.02527410092063,426.35877327566175,69.72556647194196,4.640827370884053,45.75882492833171,59.812588586489966,3.5117503949341877,1.7385278072787216,103.70284835155228,0,test
Country_420,41.16905530908866,72.05776265060165,113.46221329799224,76.91482027917561,3.3294182271420296,51.14330988713031,56.38657278793001,5.406900575589124,3.3148923136815713,107.68423273531506,0,test
Country_421,52.21214763675576,74.8111109635993,387.8855741280802,74.81417791919567,4.241354683710407,57.74659102372943,68.19701962521819,0.8753333061387405,3.0983302027014603,101.48735666092287,0,test
Country_422,43.1805361791903,70.56274208671978,245.70457603769506,59.405097234089936,2.907328264951084,22.444044430953646,43.178122200900226,2.4241164124733103,0.8401005812966587,99.20015847688394,0,test
Country_423,63.6347676962194,66.36041329544976,374.6886157471675,62.77612992558139,1.8946380580374533,52.310617658379755,41.374219106100966,6.466686807230583,2.823903120574273,101.49055745265058,1,test
Country_424,51.19076992906764,65.60614796813779,413.52246194069664,49.18194107374585,1.4229771984776027,27.24594659800984,42.70527918651442,1.984425310747814,1.6580070779194962,97.55988632539326,0,test
Country_425,38.520464265711794,67.61200749590884,163.7601216420015,52.81365502968469,5.846402372848029,44.052759683243806,87.16227090806402,3.1825326536004184,1.9967281859226471,99.09908280735328,0,test
Country_426,51.98937885461874,67.49574190679918,390.9789174552477,64.32991932185138,2.411802165629835,51.92391043248789,60.39562556955781,3.686146115836584,0.6313005394328586,98.59109529137015,1,test
Country_427,46.35880643145069,74.80205568214483,408.71376883195705,69.5701150801045,4.445784053484282,73.16772163518557,56.60512326567644,3.180182842584796,3.1743995761807957,100.76590689091668,1,test
Country_428,38.74031364536621,69.58104176149264,119.74432168546045,83.0226954874552,5.618830475606554,38.63950598772432,71.28336395596898,8.165861639620804,2.500918746102217,101.63428888945148,0,test
Country_429,38.25485366718534,55.69621026554849,351.6088716021669,64.1397761205646,2.4873076030733947,57.974121341686924,62.226238961286136,7.823618597532549,1.9736873700866457,103.12934923944022,0,test
Country_430,51.47018147889087,65.5306567003156,336.1456563696733,50.226332480801126,4.451701015402685,44.89967567069252,66.18252810665952,3.497309660448215,2.617938875163778,101.68939705089994,0,test
Country_431,56.16934374341173,64.71342015129937,203.43855215182236,69.23099543022009,2.280017234527781,59.317210343159005,91.72308491401236,2.442840946784895,2.6387836956995634,109.25836742501586,0,test
Country_432,27.220549357905607,72.38700687291914,219.6113949697432,85.56083987503739,2.69669364376967,42.52865133527013,63.4652686823412,7.314387751637021,1.3499425835585155,100.32281643158531,1,test
Country_433,41.219173503535096,73.34404854799249,265.8085931122354,70.45440023693297,1.491307172355266,42.2042440590628,40.14208427072835,7.067798461532664,0.7807237497280035,101.85174414652337,1,test
Country_434,42.92350681738425,61.81701460258075,176.472793774167,37.387172427882234,3.1648243491035726,44.061988696853476,49.475321047977204,3.0308627657732434,2.6723328187893984,99.73391162811637,1,test
Country_435,38.02300637573018,70.93638531973166,117.9373790562559,56.41570426806638,2.158809524055267,43.490372008408556,75.3040647883915,0.5531733660948959,2.0002635900945602,102.29628489246451,0,test
Country_436,43.55052886513459,60.46133053358301,272.3832787069066,61.22678909433849,4.477913057957815,56.61361413485173,44.52399632113587,5.82751425600749,3.851260763426975,103.11383758754836,0,test
Country_437,41.49572467087919,72.10601833915607,401.7510794819095,74.39658780480217,4.590346489736633,28.297350564705194,74.36692089604446,2.316234189771121,4.217455500026005,105.14038536672486,0,test
Country_438,34.78430776994847,76.60558399229153,303.6323445751491,33.88471694446494,2.8976223052267134,52.03402471955754,51.62896606424981,4.8585577532790705,3.127352335028489,108.52184158644563,0,test
Country_439,33.22773987709608,62.63366251769583,307.260896586487,40.51170377863246,1.6553687849978322,78.52527110767306,67.35673295676987,3.4614498654729324,-1.1025488084976791,96.00229984086084,1,test
Country_440,48.069683731473006,78.29939433257756,200.55521176117048,84.2267141801005,2.1276467270499024,35.96303706927056,48.2468488681978,1.6074948961413482,3.199581693430712,108.69040226835476,1,test
Country_441,42.930023851525604,71.17441589427722,556.5991223498015,92.24263570666128,2.372512295545383,30.32115332007876,64.23221633986797,6.14660115934203,1.531537423091411,100.33580490519954,1,test
Country_442,47.372764434896,76.05099228139574,369.8405690606124,76.99769887179745,3.1024502202633975,49.09166695154539,92.98612837553677,7.368573998972211,4.238271142421622,108.79638492469807,1,test
Country_443,36.21904724053431,63.51173613229542,152.8631179969852,92.52764151812346,2.6080613405638986,39.12419190302771,63.90425397467208,3.618630139261973,1.2653428454949898,103.47500785329296,1,test
Country_444,45.12509259660466,66.78953730894479,135.9209268119837,84.35576174570372,2.1935240430657483,19.429556268145312,49.18809546896199,4.967889714733276,2.788554162120425,102.32378048883074,0,test
Country_445,49.241449673781695,58.807748692306795,290.7242523789028,63.80680263816117,2.9317091243486955,45.175159081884,50.265185922636775,3.488280464307312,1.2449278697266832,99.41467754918477,0,test
Country_446,40.268323383920155,61.55383969645871,29.949335620111896,87.02646215764123,4.298799425731165,44.3376279426159,53.238603597120985,7.008159686880344,2.3015174401802483,102.80428673663403,0,test
Country_447,41.38202066527881,71.37816942078854,507.85184043132796,55.261530466205926,1.8422492441489349,56.71334752928691,62.61500589810464,6.707116899685335,2.7545716643025466,100.99523615249039,1,test
Country_448,60.70043113263823,69.54070381345524,225.33749362864745,59.46879988018848,5.838040786931658,50.362565862340844,63.94807248188618,1.6073869240354575,0.7680002112962223,109.1297873021023,0,test
Country_449,24.894778089091307,69.30434620185832,233.90444851986373,57.03918413510268,2.0373884215313867,41.48441921803367,71.55908808067824,3.439310858054629,1.5861398611885869,98.42485454689432,1,test
Country_450,47.53155564114505,76.17938062702136,413.82588763756473,64.73941957836288,2.0091812048262683,37.920969953131234,54.009049980640384,6.662439665409594,1.1849188906683887,96.02241624265372,1,test
Country_451,47.19116812757903,68.18312694262417,166.89706984010684,71.51367565200194,3.8117430578216895,24.187048575783177,101.2950504743188,7.085055756820666,3.4673508634779533,99.8869947783606,1,test
Country_452,32.88479279171713,64.93178780911322,230.57702553604014,72.09067758593436,4.765862430182498,55.157328743947104,68.38709541382022,6.29339115932589,3.982924707614994,105.44435592301487,0,test
Country_453,39.663452213513324,62.347997769849584,500.70995816337773,79.8426074831297,0.473689541139271,26.660970757882446,43.816071807193566,4.850357811439216,3.374944464723022,97.80144046494402,0,test
Country_454,42.8720471189708,77.34455658574251,183.13642810775139,78.58314741399525,3.101447287987901,48.719646211929664,34.342406268373026,3.982593997790472,1.7122366665901378,104.55008448514364,0,test
Country_455,42.06080696865464,63.58243259778353,220.9737683873895,76.88901712855532,3.5938852836462196,35.63175657034873,86.64315649083571,3.188986918599624,4.141105944663187,97.6124752277867,0,test
Country_456,31.131228680650413,73.16559375000303,441.9497762610788,75.47598201235756,4.690485770731322,16.741259286764297,44.40370061984885,6.003677419587518,2.4608664718702395,102.73150259746053,1,test
Country_457,49.30579272995717,76.19506435900223,206.5058332450468,109.21911004779207,4.0903073742874145,48.03580546344171,44.624251088643945,6.167356651232465,2.1490667838627036,99.85527164500098,1,test
Country_458,57.05692273793501,63.548563411961496,352.74942057570047,74.94027594773884,1.422323184975606,60.041138454538206,79.53214489282524,2.529614834571033,-0.30234514621017183,104.60486917802895,1,test
Country_459,40.31055164256141,58.248905248196856,408.463430494946,77.07150938609982,4.204274473213481,54.02376760619335,50.917018148192845,6.749845603342045,1.551237130344883,98.02044988416108,0,test
Country_460,37.16654874524967,69.4793484074977,151.19388963559646,70.91541299065582,4.283313071476798,59.1782858796825,58.45670879665015,7.308784731875962,2.3728748480015267,104.05082322979675,0,test
Country_461,35.3260459496259,70.20322957271351,213.34438603342596,88.6588460698039,1.8695627227088991,22.728705211429617,52.40861740794755,2.9229478180064103,2.3537406533401506,107.52065845783503,1,test
Country_462,50.45015744583015,65.91124140422883,155.79730747884832,39.29356421720175,3.0303266531693134,74.15841900624278,65.39646751736952,4.980832551112998,3.532931347542781,107.57949358470155,0,test
Country_463,46.23556799679605,55.20473342513187,291.4189156106316,75.37840809801386,3.9494498597740533,61.813626889467784,70.94991450005674,4.10313188903403,3.417606508343514,105.16872446816208,0,test
Country_464,41.322175659748716,74.32047707487627,201.33440982508418,88.0377840496507,2.8771979908288055,48.78012507343328,55.279262477300705,4.434410077349137,2.647663418311096,102.94989745449556,1,test
Country_465,44.79269724107512,73.7675351018199,200.56858412171582,75.85948004234119,2.6935928206102138,10.181639426212975,59.7485250492713,4.862237306105035,0.6482215494276733,100.68043572663008,0,test
Country_466,32.28370725831793,61.00743287782065,311.76233601457966,64.72164343775822,2.8103003058056015,60.25801713311166,80.94975446566066,4.1566013705327425,2.7856331395491702,98.1917253436914,1,test
Country_467,46.942124150206155,65.45942971031658,404.9509247467413,49.89335708029034,2.428407993208051,76.8107375217033,38.34681055851814,5.30399389343372,3.6818615740021907,103.32026577377019,0,test
Country_468,49.22427919671257,49.14380992862844,159.4548640411124,65.67306380192355,2.3779302724981024,35.62010332768749,57.96812052682102,3.3289411936158766,3.9574391400300373,101.78403160011372,0,test
Country_469,44.13801726860811,70.99780542633904,174.43904358883347,51.38758173940653,3.1599084240678357,54.22708571095387,68.38292909222795,4.570045875859622,1.2564790327010529,99.39146895105051,0,test
Country_470,39.31722258673613,74.89643522692249,92.58027890128702,75.84775693623884,3.1358213495714735,24.358427811499652,75.36206011126163,4.37019336554983,3.475174896698208,98.15817452232692,1,test
Country_471,63.30944445785747,68.42615324329039,366.7697631579966,68.6270504205927,4.152108168577192,46.33096824608998,62.23805302144795,6.3649081146723105,3.791806001696311,108.02135769004867,0,test
Country_472,49.169012405450026,67.05983655436103,298.62603032976983,55.80615239551417,2.459360278822489,79.7103526401487,39.42661875747376,5.25996341494868,2.9988283034974286,98.7527805681541,0,test
Country_473,53.92019903856079,67.75215367848237,279.62842574160857,95.23562431024715,3.87203011342622,13.665215049953915,64.69043036547669,7.947659982964133,2.660968827643306,104.65459524259222,0,test
Country_474,56.802051853643945,53.69333908447982,434.24372123529855,61.58744141869856,2.475819032986234,57.71216155227907,59.58942288697956,8.028964799117041,2.911281942386438,100.38803772167998,0,test
Country_475,32.11098053753176,65.20918458982479,225.15433803237693,60.699779065562076,0.6544087784789507,46.94664603906056,62.82777559518682,3.820518584663656,1.0969032979484528,99.56612356293118,1,test
Country_476,31.126550503605927,71.64254876042301,162.8074585719208,59.83530401666334,6.488960138640987,35.283477933540276,42.75040166886611,2.5211502523221423,2.1771243487919767,106.28998574207122,0,test
Country_477,37.385090480034194,62.484220137529974,558.5065818354526,69.84696716306571,2.7818339524153446,41.40563058208728,33.45607971240865,-0.7987204200709712,2.93096406031982,100.0659188618198,0,test
