,country,gini10,dem_level4,dem_rank14,dem_score14,lifeex_f,lifeex_m,literacy,oil,pop_0_14,pop_15_64,pop_65_older,fertility,govregrel,regionun,religoin,spendeduc,spendhealth,spendmil,hdi,pop_age,sexratio,pop_total,pop_urban,gender_unequal,gender_unequal_rank,arda,lifeex_total,debt,colony,confidence,decent08,dem_other,dem_other5,democ,democ11,democ_regime,democ_regime08,district_size3,durable,effectiveness,enpp3_democ,enpp3_democ08,dnpp_3,eu,fhrate04_rev,fhrate08_rev,frac_eth,frac_eth2,frac_eth3,free_business,free_corrupt,free_finance,free_fiscal,free_govspend,free_invest,free_labor,free_monetary,free_property,free_trade,free_overall,free_overall_4,gdp08,gdp_10_thou,gdp_cap2,gdp_cap3,gdpcap2_08,gdpcap3_08,gdpcap08_2,gdppcap08,gdppcap08_3,gender_equal3,gini04,gini08,hi_gdp,indy,muslim,natcode,oecd,pmat12_3,polity,pr_sys,protact3,regime_type3,rich_democ,unions,unnetgro,unnetuse,unpovnpl,unremitp,unremitt,vi_rel3,votevap00s,votevap90s,women05,women09,women13,ipu_wom13_all,womyear,womyear2,dem_economist,democ.yes,country1
1,Afghanistan,29.4,Authoritarian,151,2.77,45.25,44.79,28.1,0,42.3,55.3,2.4,5.39,10,Asia,Muslim,NA,1.8,1.9,0.349,16.9,106,29.1,22.6,0.797,134,1,45.02,NA,UK,NA,No local elections,10.5,10%,No,NA,No,No,single member,4,13.71158426,NA,NA,NA,Not member,2.5,3,0.769299984,High,High,NA,NA,NA,NA,NA,NA,NA,NA,NA,NA,NA,NA,30.6,NA,NA,NA,Low,Low,Low,NA,NA,NA,NA,NA,NA,1919,Yes,afghanistan,Not member,NA,NA,No,NA,Dictatorship,NA,NA,NA,1.7,42,NA,NA,NA,NA,NA,NA,NA,NA,27.7,NA,NA,0,0,Afghanistan
2,Albania,33,Hybrid,88,5.67,80.3,74.82,NA,5400,21.4,68.1,10.5,1.48,0,Europe,Muslim,2.9,2.9,2,0.719,30,107,3.2,51.9,0.545,61,3,77.41,59.3,Soviet Union,49.33592606,Legislature and executive are locally elected,63,Approx 60%,Yes,9,Yes,Yes,NA,3,35.46099294,1-3 parties,1-3 parties,1,Not member,5,8,0.220400006,Low,Low,68,34,70,92.6,74.2,70,52.1,78.7,35,85.8,66,MidHi,24.3,0.1535,Low,Middle,Low,Mid,Low,7715,2,NA,28.2,31.1,Low GDP,1991,Yes,albania,Not member,Low post-mat,9,No,Moderate,Parliamentary democ,0,NA,21329,23.9,18.5,476,12.2,20-50%,59.56,85.25754547,6.4,16.4,15.7,15.7,1920,1944 or before,0,100,Albania
3,Algeria,35.3,Authoritarian,117,3.83,76.31,72.78,69.9,2125000,24.2,70.6,5.2,1.75,8.611,Africa,Muslim,4.3,3.6,3,0.677,26.2,104.6,35.4,66.5,0.594,70,4,74.5,25.7,France,52.05573545,Legislature is elected but executive is appointed,40.8,Approx 40%,No,3,No,No,6 or more members,5,32.6241141,NA,NA,3,Not member,2.5,3,0.339399993,Low,Medium,71.2,32,30,83.5,73.4,45,56.4,77.2,30,70.7,56.9,MidLow,276,0.1785,Low,Middle,High,Mid,High,8033,2,NA,35.3,35.3,Low GDP,1962,Yes,algeria,Not member,NA,2,Yes,NA,Dictatorship,0,NA,2633,11.9,NA,64,1.3,>50%,NA,71.4335556,NA,NA,NA,31.6,1962,After 1944,0,0,Algeria
4,Angola,58.6,Authoritarian,133,3.35,39.83,37.74,67.4,1948000,43.2,54.1,2.7,5.97,0.556,Africa,Catholic,2.6,2,3,0.403,17.4,99.9,19,58.5,NA,NA,7,38.76,20.3,Portugal,NA,No local elections,40.8,Approx 40%,No,2,No,No,NA,3,19.14893696,NA,NA,1,Not member,2.5,3,0.78670001,High,High,43.4,19,40,85.1,62.8,35,45.2,62.6,20,70.4,48.4,Low,106.3,0.0857,Low,Middle,High,Mid,High,5899,2,NA,NA,NA,Low GDP,1975,No,angola,Not member,NA,-2,Yes,NA,Dictatorship,0,NA,3567,3.1,NA,5,0.1,NA,NA,88.28227234,NA,NA,NA,34.1,1975,After 1944,0,0,Angola
5,Argentina,48.8,Part Democ,52,6.84,80.36,73.71,97.2,796300,25.4,63.6,11,2.31,0,Latin America/Caribbean,Catholic,4.9,5.1,0.8,0.775,30.4,103.6,40.7,92.4,0.534,60,11,76.95,50.3,Spain,7.2993254,NA,87.5,Approx 90%,Yes,8,Yes,Yes,6 or more members,17,34.98817944,1-3 parties,1-3 parties,1,Not member,6,10,0.254999995,Low,Low,62.1,29,30,69.5,75.6,45,50.1,61.2,20,69.5,51.2,Low,571.5,0.2797,High,Middle,High,High,High,14333,3,High,52.2,51.3,High GDP,1816,No,argentina,Not member,High post-mat,8,Yes,Moderate,Presidential democ,1,25.39999962,331,28.1,NA,17,0.2,20-50%,70.88,79.68566895,33.7,41.6,37.4,37.4,1947,After 1944,1,100,Argentina
6,Armenia,30.2,Hybrid,113,4.13,77.31,69.59,99.4,0,17.6,72.4,10.1,1.37,6.944,Asia,Orthodox Christian,3,2.1,3.3,0.695,32,116.5,3.1,64.2,0.57,66,12,73.23,NA,Soviet Union,27.13273511,Legislature and executive are locally elected,63,Approx 60%,Yes,5,Yes,Yes,NA,2,36.64302631,6-11 parties,6-11 parties,3,Not member,3.5,4,0.127200007,Low,Low,83.4,29,70,89.3,90.9,75,70.6,72.9,30,80.5,69.2,High,18.7,0.0771,Low,Low,Low,Mid,Low,6070,2,NA,37.9,33.8,Low GDP,1991,No,armenia,Not member,Low post-mat,5,No,High,NA,0,NA,378,6.2,50.9,345,8.9,20-50%,NA,53.3216362,5.3,8.4,10.7,10.7,1921,1944 or before,0,100,Armenia
7,Australia,35.2,Full Democ,9,9.01,84.35,79.4,99,589200,18.3,67.7,14,1.78,0,Australia/New Zealand/Oceania,Catholic,4.7,6,1.8,0.937,37.8,105.3,21.5,89.1,0.296,18,14,81.81,22.4,UK,46.8388857,Legislature is elected but executive is appointed,58.3,Approx 60%,Yes,10,Yes,Yes,single member,99,90.07092277,1-3 parties,1-3 parties,1,Not member,7,12,0.092900001,Low,Low,90.3,87,90,61.4,64.9,80,94.9,82.7,90,85.1,82.6,High,762.6,2.0822,High,High,High,High,High,35677,3,High,35.2,35.2,High GDP,1901,No,australia,OECD Member state,High post-mat,10,No,High,Parliamentary democ,1,28.60000038,66,70.8,NA,220,0.5,20-50%,82.74,81.36467743,24.7,26.7,24.7,24.7,1902,1944 or before,1,100,Australia
8,Austria,29.1,Full Democ,14,8.54,82.84,76.87,98,21880,14,67.7,18.2,1.4,1.389,Europe,Catholic,5.4,7.7,0.9,0.851,41.8,105.4,8.4,67.6,0.3,19,15,79.78,70.4,Other,49.68018965,NA,100,100%,Yes,10,Yes,Yes,6 or more members,54,88.88888799,4-5 parties,4-5 parties,2,EU Member state,7,12,0.106799997,Low,Low,73.6,81,70,51.2,28.8,75,79.1,79.3,90,87.5,71.6,High,318.4,2.5356,High,High,High,High,High,38152,3,High,30,29.1,High GDP,1156,No,austria,OECD Member state,High post-mat,10,Yes,Moderate,Parliamentary democ,1,36.59999847,120,71.2,NA,389,0.8,20-50%,75.61,75.4806366,33.9,27.9,27.9,27.9,1918,1944 or before,1,100,Austria
9,Azerbaijan,NA,Authoritarian,148,2.83,72.01,63.2,98.8,1011000,23.2,70.3,6.4,2.02,7.222,Asia,Muslim,1.9,1,3.8,0.713,28.4,115.6,8.9,51.9,0.553,62,16,67.36,4.6,Soviet Union,54.16848538,Legislature is elected but executive is appointed,63,Approx 60%,No,0,No,No,NA,5,23.87706907,NA,NA,1,Not member,2.5,3,0.204699993,Low,Low,74.6,19,40,79.5,77.5,55,82.5,62.7,20,77.1,58.8,MidLow,76.1,0.0745,Low,Low,High,Mid,High,8765,2,NA,36.5,36.5,Low GDP,1991,Yes,azerbaijan,Not member,Low post-mat,-7,No,Low,Dictatorship,0,75.40000153,20206,28.2,49.6,179,3.4,20-50%,NA,79.18028259,NA,NA,NA,16,1921,1944 or before,0,0,Azerbaijan
10,Bahrain,NA,Authoritarian,147,2.87,80.33,76.03,86.5,48560,20.5,77,2.6,1.88,3.889,Asia,Muslim,2.9,2.6,3,0.801,28.1,105.2,0.8,88.6,0.512,55,18,78.15,59.2,UK,NA,Legislature is elected but executive is appointed,10.5,10%,No,0,No,No,single member,25,65.01181965,NA,NA,NA,Not member,3,4,0.502099991,High,Medium,77.8,54,80,99.9,80.8,65,89.4,73.4,60,82.9,76.3,High,26.9,1.1007,High,High,High,High,High,34605,3,Low,NA,NA,High GDP,1971,Yes,bahrain,Not member,NA,-8,No,NA,Dictatorship,0,NA,907,51.9,NA,NA,NA,NA,NA,NA,NA,NA,NA,10,1973,After 1944,0,0,Bahrain
11,Bangladesh,31,Hybrid,85,5.78,71.65,67.93,47.9,5733,34.3,61.1,4.7,2.6,6.111,Asia,Muslim,2.4,1.1,1,0.469,24.5,103.6,164.4,28.1,0.734,116,19,69.75,39.3,Other,71.64438937,No local elections,58.3,Approx 60%,No,6,Yes,No,single member,9,34.04255387,1-3 parties,NA,1,Not member,4,6,0.045400001,Low,Low,59.4,21,20,72.8,93.9,45,53.8,66.6,20,58,51.1,Low,213.5,0.0351,Low,Low,Low,Low,Low,1334,1,Low,31.8,33.4,Low GDP,1971,Yes,bangladesh,Not member,Low post-mat,5,No,High,Parliamentary democ,0,4.300000191,456,0.3,40,56,11.3,>50%,NA,63.04807281,2,18.6,NA,19.7,1972,After 1944,0,100,Bangladesh
12,Belarus,28.8,Authoritarian,125,3.69,77.18,65.57,99.6,31400,14.2,71.7,14.1,1.26,7.778,Europe,Orthodox Christian,5.2,4.9,1.5,0.732,38.2,106.1,9.6,74.7,NA,NA,21,71.2,NA,Soviet Union,15.64570518,No local elections,63,Approx 60%,No,0,No,No,single member,4,22.2222229,NA,NA,NA,Not member,1.5,1,0.3222,Low,Medium,72.1,20,10,85.2,32,20,84.8,62.6,20,80.3,48.7,Low,118.7,0.1441,Low,Middle,High,Mid,High,12261,2,NA,30.4,29.7,Low GDP,1991,No,belarus,Not member,Low post-mat,-7,No,Moderate,Dictatorship,0,96.09999847,1553,32.1,17.4,46,0.7,<20%,NA,64.44707489,NA,NA,NA,26.6,1919,1944 or before,0,0,Belarus
13,Belgium,33,Part Democ,26,7.93,82.81,76.35,99,11220,15.9,66.1,18,1.65,0.833,Europe,Catholic,6.1,7,1.2,0.867,41.3,104.8,10.7,97.4,0.236,6,22,79.51,98.6,Netherlands,43.31516215,NA,100,100%,Yes,8,Yes,Yes,6 or more members,55,90.30732917,6-11 parties,6-11 parties,3,EU Member state,7,12,0.555400014,High,Medium,92.9,73,70,42.2,30,80,67.1,77.9,80,87.5,70.1,High,369.2,2.3749,High,High,High,High,High,34493,3,High,25,33,High GDP,1830,No,belgium,OECD Member state,High post-mat,8,Yes,High,Parliamentary democ,1,38.09999847,142,68.1,NA,973,2.1,20-50%,86,82.43292236,34.7,35.3,38,38,1919,1944 or before,1,100,Belgium
14,Benin,38.6,Hybrid,90,5.65,61.14,58.61,34.7,0,44.7,52.6,2.7,5.31,0,Africa,Catholic,3.6,2.5,1.1,0.435,18.4,103.8,9.2,42,0.759,127,24,59.84,NA,France,NA,Legislature and executive are locally elected,40.8,Approx 40%,Yes,7,Yes,Yes,>1 to 5 members,9,31.9148935,6-11 parties,6-11 parties,3,Not member,6,10,0.787199974,High,High,42.3,31,50,75.9,85.2,60,47.8,74.6,30,57,55.4,MidLow,12.7,0.0411,Low,Low,Low,Low,Low,1468,1,NA,NA,36.5,Low GDP,1960,No,benin,Not member,NA,7,Yes,NA,Presidential democ,0,NA,967,1.8,39,31,4.1,NA,61.83,63.98082733,7.2,10.8,8.4,8.4,1956,After 1944,0,100,Benin
15,Bhutan,38.7,Hybrid,102,4.87,68.19,66.46,47,0,28.9,65.3,5.7,2.2,4.167,Asia,Buddhist,5.1,3.3,NA,NA,24.2,103,0.7,34.7,NA,NA,26,67.3,57.8,Other,NA,NA,58.3,Approx 60%,Yes,3,No,Yes,single member,93,68.55791979,NA,NA,NA,Not member,2.5,5,0.605000019,High,High,60.5,52,30,84.1,58.3,15,85.1,73.4,60,52,57,MidLow,3.3,0.0695,Low,Low,Low,Mid,Low,4755,2,NA,NA,NA,Low GDP,1949,No,bhutan,Not member,NA,3,No,NA,Dictatorship,0,NA,1900,6.6,NA,NA,NA,NA,NA,NA,NA,NA,8.5,8.5,1953,After 1944,0,0,Bhutan
16,Bolivia,57.2,Hybrid,83,5.79,70.42,64.84,86.7,43740,34.6,60.7,4.6,3,0,Latin America/Caribbean,Catholic,6.3,3.4,1.5,0.643,21.9,104.1,10,66.6,0.672,96,27,67.57,39.7,Spain,NA,Legislature and executive are locally elected,87.5,Approx 90%,Yes,7,Yes,Yes,NA,18,34.04255387,6-11 parties,6-11 parties,3,Not member,5,8,0.739600003,High,High,57.3,30,50,84.3,67.5,15,39.4,63.2,10,76.9,49.4,Low,41.4,0.0886,Low,Middle,Low,Low,Low,4278,2,Medium,44.7,60.1,Low GDP,1825,No,bolivia,Not member,NA,7,No,NA,Presidential democ,0,16.39999962,775,10.8,37.7,118,6.9,NA,63.44,56.14592743,19.2,16.9,25.4,25.4,1938,1944 or before,0,100,Bolivia
17,Bosnia and Herzegovina,36.3,Hybrid,103,4.78,82.63,75.25,96.7,NA,14,71,15,1.27,0.556,Europe,Muslim,NA,5.6,1.4,0.71,39.3,106.7,3.8,48.6,NA,NA,28,78.81,39,Soviet Union,70.20413621,Legislature and executive are locally elected,63,Approx 60%,No,NA,No,No,6 or more members,0,25.29550884,NA,NA,1,Not member,4.5,7,0.629999995,High,High,61.3,32,60,83.2,28.8,70,61.2,74.7,10,80.8,56.2,MidLow,31.7,0.1362,Low,Middle,High,Mid,High,8390,2,NA,26.2,26.2,Low GDP,1992,Yes,bosnia & herzegovina,Not member,Low post-mat,NA,Yes,Moderate,Dictatorship,0,NA,3169,34.7,19.5,725,14.8,20-50%,NA,59.6702919,NA,NA,NA,21.4,NA,NA,0,0,Bosnia and Herzegovina
18,Botswana,61,Part Democ,28,7.87,57.3,58.78,81.2,0,33.9,62.2,3.9,2.5,0,Africa,Other Christian,8.1,4.3,2.7,0.633,22.8,101.8,2,61.1,0.663,91,29,58.05,22.6,UK,NA,Legislature is elected but executive is appointed,40.8,Approx 40%,No,8,No,No,single member,34,67.13948002,NA,NA,1,Not member,6,10,0.4102,Low,Medium,70.5,58,70,74.1,67.1,80,70.8,68.8,70,73.9,70.3,High,25.5,0.308,High,Middle,High,Mid,High,13392,2,Medium,63,60.5,High GDP,1966,No,botswana,Not member,NA,8,No,NA,Dictatorship,0,11.5,140,6.2,NA,59,0.9,NA,44,44.63160706,NA,NA,NA,7.9,1965,After 1944,1,0,Botswana
19,Brazil,55,Part Democ,44,7.38,76.27,68.97,88.6,2572000,26.2,67,6.7,2.18,0.833,Latin America/Caribbean,Catholic,5.2,3.5,1.5,0.699,29,104.2,195.4,86.5,0.631,80,31,72.53,60.8,Portugal,32.50133714,Legislature and executive are locally elected,87.5,Approx 90%,Yes,8,Yes,Yes,6 or more members,15,41.37115842,6-11 parties,6-11 parties,3,Not member,5.5,10,0.540799975,High,Medium,54.5,35,50,68.4,50.3,45,57.5,75.8,50,69.2,55.6,MidLow,2000,0.2593,High,Middle,High,Mid,High,10296,2,NA,59.1,57,High GDP,1822,No,brazil,Not member,Moderate post-mat,8,Yes,High,Presidential democ,1,32.09999847,1341,37.5,21.5,27,0.3,>50%,83.54,74.70610809,8.6,9,8.6,8.6,1934,1944 or before,1,100,Brazil
20,Bulgaria,29.2,Part Democ,55,6.73,77.41,69.99,98.2,3227,13.9,67.9,18.2,1.42,5.278,Europe,Orthodox Christian,4.1,4.2,2.4,0.743,41.7,105.7,7.5,71.5,0.399,36,35,73.59,16.2,Soviet Union,38.97600605,Legislature and executive are locally elected,63,Approx 60%,Yes,9,Yes,Yes,6 or more members,10,45.15366433,4-5 parties,4-5 parties,2,Not member,6.5,10,0.402099997,Low,Medium,77.8,36,60,86.3,48.3,50,78.1,69.5,30,87.4,62.3,MidHi,94.5,0.1944,High,Middle,High,Mid,High,12393,2,NA,31.9,29.2,High GDP,1991,No,bulgaria,Not member,Low post-mat,9,Yes,Low,Parliamentary democ,1,51.40000153,517,34.7,12.8,346,5.3,<20%,62.41,74.16665649,26.3,20.8,22.9,22.9,1944,1944 or before,1,100,Bulgaria
21,Burkina Faso,39.6,Hybrid,114,4.09,55.71,51.75,21.8,0,45.8,51.7,2.5,6.14,0.833,Africa,Muslim,4.6,3.4,1.4,0.305,16.7,103.8,16.3,25.7,NA,NA,36,53.7,NA,France,NA,Legislature is elected but executive is appointed,40.8,Approx 40%,No,2,No,No,>1 to 5 members,20,30.26004734,NA,NA,1,Not member,3.5,6,0.737699986,High,High,60,35,50,80.4,80,50,64.4,73,30,71.3,59.4,MidHi,17.7,0.0264,Low,Low,Low,Low,Low,1161,1,NA,48.2,39.5,Low GDP,1960,Yes,burkina faso,Not member,NA,0,Yes,NA,Dictatorship,0,NA,1456,0.9,46.4,4,0.6,NA,NA,30.15396881,NA,NA,NA,15.7,1958,After 1944,0,0,Burkina Faso
22,Burma (Myanmar),NA,Authoritarian,141,3.05,67.33,62.57,89.9,18880,27.5,67.5,5,2.26,8.611,Asia,Buddhist,1.3,0.2,NA,0.451,27.9,101.2,50.5,33.7,NA,NA,37,64.88,NA,NA,NA,NA,NA,NA,No,NA,NA,No,NA,NA,NA,NA,NA,NA,NA,NA,NA,NA,NA,NA,NA,NA,NA,NA,NA,NA,NA,NA,NA,NA,NA,NA,NA,NA,NA,NA,NA,NA,NA,NA,NA,NA,NA,NA,NA,NA,No,NA,NA,NA,NA,NA,NA,NA,NA,NA,NA,0.2,32,3,NA,NA,NA,NA,NA,NA,NA,NA,NA,NA,0,NA,Burma (Myanmar)
23,Burundi,33.3,Authoritarian,134,3.33,60.52,57.09,59.3,0,46,51.6,2.5,6.16,0,Africa,Catholic,7.2,5.2,4,0.282,20.3,100.9,8.5,11,0.627,79,38,58.78,NA,Belgium,NA,Legislature and executive are locally elected,40.8,Approx 40%,Yes,7,No,Yes,NA,2,12.05673669,NA,1-3 parties,1,Not member,3,5,0.295100003,Low,Medium,37.8,19,30,72.2,42.7,50,66.9,62.7,25,68.6,47.5,Low,3.1,0.0102,Low,Low,Low,Low,Low,383,1,NA,33.3,42.4,Low GDP,1962,No,burundi,Not member,NA,6,Yes,NA,Dictatorship,0,NA,1200,0.8,NA,0,0.3,NA,NA,77.77366638,NA,NA,30.5,30.5,1961,After 1944,0,0,Burundi
24,Cambodia,44.2,Hybrid,103,4.78,65.13,60.31,73.6,0,32.2,64.1,3.8,2.84,3.889,Asia,Buddhist,1.6,1.7,1.1,0.494,22.3,104.1,15.1,20.1,0.672,95,39,62.67,NA,France,NA,NA,58.3,Approx 60%,No,3,No,No,6 or more members,2,33.33333328,NA,NA,1,Not member,2.5,3,0.210500002,Low,Low,39.9,18,50,91,92.9,60,43.6,70.5,30,70,56.6,MidLow,28,0.0321,Low,Low,Low,Low,Low,1905,1,Low,40.4,41.7,Low GDP,1953,No,cambodia,Not member,NA,2,Yes,NA,Dictatorship,0,NA,1133,0.5,30.1,22,3.1,NA,NA,90.49938202,NA,NA,NA,20.3,1955,After 1944,0,0,Cambodia
25,Cameroon,44.6,Authoritarian,130,3.41,55.28,53.52,67.9,77310,40.5,56.2,3.3,4.17,0.833,Africa,Other,2.9,1.3,1.5,0.46,19.2,101.6,20,58.4,0.763,129,40,54.39,9.6,France,NA,NA,40.8,Approx 40%,No,1,No,No,NA,8,31.9148935,NA,NA,1,Not member,2,2,0.863499999,High,High,37.2,23,50,71.8,92.7,35,52.2,71.9,30,59.7,52.3,MidLow,41.9,0.0575,Low,Low,Low,Low,Low,2215,1,NA,44.6,44.6,Low GDP,1960,No,cameroon,Not member,NA,-4,No,NA,Dictatorship,0,14.69999981,1712,3.8,39.9,8,0.6,NA,NA,48.70609283,NA,NA,NA,13.9,1946,After 1944,0,0,Cameroon
26,Canada,32.6,Full Democ,7,9.08,84.1,78.81,99,3289000,15.7,68.5,15.9,1.58,1.389,USA/Canada,Catholic,4.9,7.1,1.3,0.888,39.9,105.1,33.9,80.6,0.289,16,41,81.38,34,UK,58.20387138,Legislature and executive are locally elected,100,100%,Yes,10,Yes,Yes,single member,112,91.01654835,4-5 parties,4-5 parties,2,Not member,7,12,0.712400019,High,High,96.5,87,80,76.7,54.1,75,81.5,75.4,90,88.1,80.4,High,1200,2.2777,High,High,High,High,High,36444,3,High,33.1,32.6,High GDP,1867,No,canada,OECD Member state,High post-mat,10,No,High,Parliamentary democ,1,31,94,75.3,NA,NA,NA,20-50%,53.59,60.05192184,21.1,22.1,24.7,24.7,1917,1944 or before,1,100,Canada
27,Cape Verde,50.4,Part Democ,31,7.81,72.96,68.51,76.6,0,32.6,61.9,5.5,2.49,0,Africa,Catholic,5.7,3.4,0.5,0.534,21.3,101.6,0.5,61.1,NA,NA,42,70.7,NA,Portugal,NA,NA,40.8,Approx 40%,Yes,10,Yes,Yes,NA,NA,41.84397156,1-3 parties,1-3 parties,1,Not member,7,12,0.417400002,Low,Medium,63.3,51,60,65.6,65.3,60,48.1,74.5,65,65.5,61.8,MidHi,1.7,0.1345,Low,Middle,Low,Mid,Low,3504,1,NA,NA,NA,Low GDP,1975,No,cape verde,Not member,NA,10,Yes,NA,Parliamentary democ,0,16.89999962,1185,20.6,NA,311,9.7,NA,79.98,75.61657715,11.1,18.1,20.8,20.8,1975,After 1944,1,100,Cape Verde
28,Central African Republic,43.6,Authoritarian,166,1.49,51.35,48.84,48.6,0,41,55.3,3.7,4.63,3.889,Africa,Other Christian,1.3,1.4,1.6,0.315,19.5,100,4.5,38.9,0.768,132,44,50.07,NA,France,NA,No local elections,40.8,Approx 40%,No,NA,Yes,No,single member,7,12.76595869,6-11 parties,NA,3,Not member,2.5,4,0.82950002,High,High,37.5,20,30,65.5,94.1,40,50.7,68.3,20,58.1,48.4,Low,3.3,0.0274,Low,Low,Low,Low,Low,736,1,NA,61.3,61.3,Low GDP,1960,No,central african republic,Not member,NA,NA,No,NA,NA,0,NA,850,0.4,NA,NA,NA,NA,NA,50.28069687,NA,10.5,NA,12.5,1986,After 1944,0,100,Central African Republic
29,Chad,39.8,Authoritarian,165,1.5,49.43,47.28,25.7,115000,46,51,2.9,5.05,6.389,Africa,Muslim,1.9,2.7,6.6,0.295,17.1,101,11.5,27.6,NA,NA,45,48.33,NA,France,NA,No local elections,40.8,Approx 40%,No,1,No,No,single member,8,28.84160757,NA,NA,2,Not member,2.5,1,0.861999989,High,High,32.7,16,40,50.5,89.2,45,46.9,76.7,20,58.4,47.5,Low,16.1,0.024,Low,Low,Low,Low,Low,1455,1,NA,NA,NA,Low GDP,1960,Yes,chad,Not member,NA,-2,No,NA,Dictatorship,0,NA,4233,1.2,NA,NA,NA,NA,NA,68.98632813,NA,NA,NA,14.9,1958,After 1944,0,0,Chad
30,Chile,52,Part Democ,32,7.8,81.13,74.44,95.7,10850,22.3,68.1,9.6,1.88,0,Latin America/Caribbean,Catholic,3.4,3.7,3.5,0.783,32.1,103.8,17.1,89,0.505,53,47,77.7,6.2,Spain,58.36849508,Legislature is elected but executive is appointed,87.5,Approx 90%,Yes,10,Yes,Yes,>1 to 5 members,11,74.70449308,6-11 parties,6-11 parties,3,Not member,7,12,0.186100006,Low,Low,64.8,69,70,77.5,89.6,80,75.4,73,85,88,77.2,High,242.4,0.4115,High,High,High,High,High,14465,3,Low,57.1,54.9,High GDP,1810,No,chile,Not member,High post-mat,10,Yes,Moderate,Presidential democ,1,15.89999962,113,32.5,NA,0,0,20-50%,66.49,81.69021606,12.5,15,14.2,14.2,1931,1944 or before,1,100,Chile
31,China,41.5,Authoritarian,144,3,76.94,72.68,91.6,3991000,17.6,73.6,8.9,1.54,9.167,Asia,Buddhist,1.9,1.9,2,0.663,34.2,121.2,1354.1,47,0.405,38,52,74.68,17.5,none,73.78881441,Legislature and executive are locally elected,58.3,Approx 60%,No,0,No,No,NA,51,50.82742334,NA,NA,NA,Not member,1.5,1,0.153799996,Low,Low,49.7,36,30,70.2,88.1,20,53.2,70.6,20,72.2,51,Low,7900,0.0989,Low,Middle,Low,Mid,Low,5962,2,NA,44.7,46.9,Low GDP,NA,No,china,Not member,Low post-mat,-7,No,Low,Dictatorship,0,54.70000076,1233,22.5,2.8,37,1.1,<20%,NA,NA,NA,NA,NA,21.3,1949,After 1944,0,0,China
32,Colombia,58.5,Part Democ,62,6.55,78.03,71.27,90.4,785000,26.7,67.2,6.1,2.15,2.222,Latin America/Caribbean,Catholic,3.9,5.1,3.7,0.689,26.8,104.3,46.3,75.1,0.658,90,55,74.55,44.8,France,NA,Legislature and executive are locally elected,87.5,Approx 90%,Yes,7,Yes,Yes,>1 to 5 members,43,37.3522462,1-3 parties,1-3 parties,1,Not member,4,7,0.601400018,High,High,83.6,38,60,74.3,74.8,55,72.7,74,50,72.5,65.5,MidHi,395.7,0.185,Low,Middle,High,Mid,High,8885,2,Medium,57.6,58.6,Low GDP,1810,No,colombia,Not member,NA,7,Yes,Moderate,Presidential democ,0,7,1874,38.5,45.1,109,2,>50%,NA,35.722229,12,8.4,12.1,12.1,1954,After 1944,1,100,Colombia
33,Comoros,64.3,Authoritarian,127,3.52,66.72,61.76,56.5,0,41.6,55.3,3.1,4.72,9.444,Africa,Muslim,7.6,1.9,NA,0.428,21.1,103.4,0.7,28.2,NA,NA,56,64.2,NA,France,NA,NA,40.8,Approx 40%,Yes,9,No,Yes,single member,0,26.71394861,NA,NA,NA,Not member,4,7,0,Low,Low,43.7,25,20,65,85.1,10,31.4,76.4,30,62.4,44.9,Low,0.8,0.0437,Low,Low,Low,Low,Low,1169,1,NA,NA,NA,Low GDP,1975,Yes,comoros,Not member,NA,9,No,NA,Dictatorship,0,NA,1441,3.6,NA,22,2.3,NA,NA,66.6510849,NA,NA,3,3,1956,After 1944,0,0,Comoros
34,"Congo, Democratic Republic of the",44.4,Authoritarian,162,1.75,56.8,53.9,67.2,16360,44.4,53,2.6,5.24,2.222,Africa,Catholic,NA,1.2,1.4,0.239,16.6,100.7,67.8,35.2,0.814,137,57,55.33,NA,NA,NA,No local elections,NA,NA,No,NA,NA,No,NA,NA,NA,NA,NA,NA,NA,NA,NA,NA,NA,NA,NA,NA,NA,NA,NA,NA,NA,NA,NA,NA,NA,NA,NA,NA,NA,NA,Low,Low,Low,NA,NA,NA,NA,NA,NA,NA,No,NA,NA,NA,NA,NA,NA,NA,NA,NA,NA,NA,71.3,NA,NA,NA,NA,NA,NA,NA,NA,NA,NA,NA,0,NA,"Congo, Democratic Republic of the"
35,"Congo, Republic of the",47.3,Authoritarian,146,2.89,56.25,53.62,83.8,274400,45.6,51.7,2.8,5.68,0,Africa,Catholic,1.8,1.7,1.1,0.489,19.5,101.7,3.8,62.1,0.744,121,58,54.91,NA,NA,NA,NA,NA,NA,No,NA,NA,No,NA,NA,NA,NA,NA,NA,NA,NA,NA,NA,NA,NA,NA,NA,NA,NA,NA,NA,NA,NA,NA,NA,NA,NA,NA,NA,NA,NA,Low,Mid,Low,NA,NA,NA,NA,NA,NA,NA,No,NA,NA,NA,NA,NA,NA,NA,NA,NA,19275,4.3,42.3,4,0.1,NA,NA,NA,NA,NA,NA,NA,NA,NA,0,NA,"Congo, Republic of the"
36,Costa Rica,48.9,Full Democ,24,8.03,80.46,75.1,94.9,0,24.6,69.1,6.4,1.93,1.389,Latin America/Caribbean,Catholic,5,5.9,0,0.725,28.2,104.8,4.6,64.4,0.501,51,60,77.72,42.4,Spain,NA,Legislature and executive are locally elected,87.5,Approx 90%,Yes,10,Yes,Yes,6 or more members,80,55.31914905,4-5 parties,4-5 parties,2,Not member,7,12,0.2368,Low,Low,59.3,51,50,82.4,87,70,59,67.8,50,82.5,65.9,MidHi,50.9,0.4271,High,High,High,Mid,High,11241,2,High,46.5,49.8,High GDP,1821,No,costa rica,Not member,NA,10,Yes,NA,Presidential democ,1,13.10000038,540,32.3,23.9,134,2,NA,54.01,81.0032196,35.1,36.8,38.6,38.6,1949,After 1944,1,100,Costa Rica
37,Cote d'Ivoire,48.4,Authoritarian,126,3.53,57.81,55.79,48.7,58950,39.8,57.2,3,3.92,0.833,Africa,Other Christian,4.6,1,1.5,0.397,19.5,101,21.6,50.6,0.765,130,61,56.78,63.3,France,NA,NA,40.8,Approx 40%,No,NA,Yes,No,single member,0,25.53191523,NA,NA,NA,Not member,4.5,NA,0.8204,High,High,43.7,20,50,78.3,87.1,35,56.1,76,30,64.3,54.1,MidLow,34,0.0707,Low,Low,Low,Low,Low,1651,1,NA,45.2,44.6,Low GDP,1960,No,cote d'ivoire,Not member,NA,NA,No,NA,Presidential democ,0,13,1550,3.2,NA,9,0.8,NA,NA,45.65369415,8.5,8.9,NA,10.4,1952,After 1944,0,100,Cote d'Ivoire
38,Croatia,29,Part Democ,50,6.93,79.6,72.17,98.1,23960,15.1,68.1,16.9,1.43,0,Europe,Catholic,3.9,6.6,1.9,0.767,41.6,105.8,4.4,57.7,0.345,30,62,75.79,55,Soviet Union,44.1754652,NA,63,Approx 60%,Yes,9,Yes,Yes,NA,0,51.06382973,NA,NA,NA,Not member,6,10,0.368999988,Low,Medium,61.5,44,60,70.3,47.1,65,40.8,75.8,40,87.8,59.2,MidLow,84.6,0.5025,High,High,High,High,High,19084,3,Medium,29,29,High GDP,1991,No,croatia,Not member,Moderate post-mat,9,Yes,Moderate,NA,1,NA,632,50.5,11.1,361,2.3,20-50%,70.84,71.48335266,21.7,20.9,23.8,23.8,1945,After 1944,1,100,Croatia
39,Cuba,NA,Authoritarian,127,3.52,80.08,75.46,99.8,48340,17.3,71.1,11.7,1.44,7.778,Latin America/Caribbean,Catholic,13.6,9.9,NA,NA,38.3,106.8,11.2,75.2,0.473,47,63,77.7,34.4,Spain,NA,Legislature is elected but executive is appointed,87.5,Approx 90%,No,0,No,No,single member,39,40.42553214,NA,NA,NA,Not member,1,1,0.590799987,High,Medium,10,43,10,45.9,NA,NA,20,66.7,10,61.7,26.7,Low,108.2,NA,NA,NA,NA,NA,NA,9500,2,NA,NA,NA,NA,1902,No,cuba,Not member,NA,-7,No,NA,Dictatorship,NA,NA,2317,12.9,NA,NA,NA,NA,NA,NA,NA,NA,NA,45.2,1934,1944 or before,0,0,Cuba
40,Cyprus,29,Part Democ,42,7.4,80.74,75.04,97.6,0,16.2,73.4,10.4,1.45,0.833,Asia,Orthodox Christian,7.1,3,1.8,0.81,36.5,106.8,0.9,70.3,0.284,15,64,77.82,61.1,UK,NA,Legislature and executive are locally elected,100,100%,Yes,10,Yes,Yes,6 or more members,26,70.21276596,4-5 parties,4-5 parties,2,EU Member state,7,12,0.093900003,Low,Low,80.3,64,70,72.7,44.8,70,61.5,82.9,80,82.5,70.9,High,22.7,1.321,High,High,High,High,High,29853,3,Medium,NA,NA,High GDP,1960,No,cyprus,Not member,NA,10,Yes,NA,Presidential democ,1,53.70000076,179,38.8,NA,323,1.1,NA,77.83,77.65115356,16.1,14.3,10.7,10.7,1960,After 1944,1,100,Cyprus
41,Czech Republic,25.8,Part Democ,25,7.94,80.66,73.93,NA,10970,13.5,70.2,16.3,1.26,0,Europe,Other,4.6,5.8,1.3,0.841,39.6,105.7,10.4,73.5,0.33,27,65,77.19,40,Soviet Union,35.17286778,NA,63,Approx 60%,Yes,8,Yes,Yes,6 or more members,7,63.12056709,4-5 parties,4-5 parties,2,EU Member state,7,12,0.3222,Low,Medium,65.5,52,80,80.1,45.6,70,76.4,75.6,65,87.5,69.8,High,257.7,0.6808,High,High,High,High,High,24712,3,Medium,25.4,25.4,High GDP,1993,No,czech republic,OECD Member state,Moderate post-mat,8,Yes,Low,Parliamentary democ,1,36.29999924,500,57.8,NA,136,0.7,<20%,65.12,82.7829895,17,15.5,22,22,1920,1944 or before,1,100,Czech Republic
42,Denmark,24.7,Full Democ,5,9.11,81.14,76.25,99,262100,17.6,65.3,17.1,1.74,0.833,Europe,Other Christian,7.9,8.2,1.4,0.866,40.8,105.8,5.5,86.9,0.209,2,66,78.63,46.6,none,63.13701711,Legislature and executive are locally elected,100,100%,Yes,10,Yes,Yes,6 or more members,54,93.6170215,6-11 parties,6-11 parties,3,EU Member state,7,12,0.081900001,Low,Low,97.9,93,90,35.9,22,90,93.7,79.3,90,87.5,77.9,High,201.2,3.2179,High,High,High,High,High,36607,3,High,24.7,24.7,High GDP,1849,No,denmark,OECD Member state,High post-mat,10,Yes,High,Parliamentary democ,1,68.19999695,118,83.3,NA,162,0.3,<20%,83.2,81.75848389,36.9,38,39.1,39.1,1915,1944 or before,1,100,Denmark
43,Djibouti,39.9,Authoritarian,145,2.99,63.66,58.69,67.9,0,35,61.7,3.3,2.71,1.667,Africa,Muslim,8.7,5.5,3.7,0.402,21.5,102.2,0.9,76.2,NA,NA,68,61.14,NA,France,NA,NA,40.8,Approx 40%,No,3,No,No,6 or more members,1,25.76832163,NA,NA,1,Not member,3,4,0.796199977,High,High,35.7,30,60,78.2,58.9,60,55.3,70.5,30,31.9,51,Low,1.8,0.0861,Low,Middle,Low,Low,Low,2140,1,NA,NA,NA,Low GDP,1977,Yes,djibouti,Not member,NA,2,No,NA,Dictatorship,0,NA,1253,2.3,NA,36,3.5,NA,NA,27.40386009,NA,NA,NA,13.8,1946,After 1944,0,0,Djibouti
44,Dominican Republic,48.4,Part Democ,59,6.67,79.55,75.16,87,0,29.5,64,6.5,2.44,0,Latin America/Caribbean,Catholic,2.2,1.9,0.6,0.663,25,104.1,10.2,69.2,0.646,87,70,77.31,41.7,NA,NA,Legislature and executive are locally elected,NA,NA,Yes,NA,NA,Yes,NA,NA,NA,NA,NA,NA,NA,NA,NA,NA,NA,NA,NA,NA,NA,NA,NA,NA,NA,NA,NA,NA,NA,NA,NA,NA,NA,NA,High,Mid,High,NA,NA,NA,NA,NA,NA,NA,No,NA,NA,NA,NA,NA,NA,NA,NA,NA,556,21.6,48.5,357,7.8,NA,NA,NA,NA,NA,NA,NA,NA,NA,1,NA,Dominican Republic
45,Ecuador,54.4,Hybrid,79,5.87,78.82,72.79,91,485700,30.1,63.5,6.4,2.42,0.833,Latin America/Caribbean,Catholic,1,2.3,2.8,0.695,25.4,104.4,13.8,67,0.645,86,72,75.73,23.2,Spain,NA,Legislature and executive are locally elected,87.5,Approx 90%,Yes,5,No,Yes,>1 to 5 members,0,23.87706907,NA,4-5 parties,2,Not member,5,8,0.654999971,High,High,52.9,20,40,79.3,77.5,25,42.2,63.9,20,71.8,49.3,Low,107.9,0.1897,Low,Middle,Low,Mid,Low,8009,2,Medium,43.7,53.6,Low GDP,1822,No,ecuador,Not member,NA,5,Yes,NA,Dictatorship,0,9.800000191,2057,28.8,38.3,210,5.2,NA,70.28,65.84541321,NA,NA,32.3,32.3,1929,1944 or before,0,0,Ecuador
46,Egypt,32.1,Authoritarian,138,3.16,75.38,70.07,71.4,680500,32.7,62.8,4.5,2.97,8.611,Africa,Muslim,3.8,2.4,2.3,0.62,23.9,104.7,84.5,43.4,0.714,108,73,72.66,80.5,UK,59.22766465,No local elections,10.5,10%,No,0,No,No,single member,48,39.00709237,NA,NA,1,Not member,2.5,3,0.183599994,Low,Low,65,28,50,89.7,73.4,50,55.6,64.2,40,74,59,MidLow,441.6,0.1354,Low,Middle,Low,Mid,Low,5416,2,Low,34.4,34.4,Low GDP,1922,Yes,egypt,Not member,Moderate post-mat,-2,No,Low,Dictatorship,0,29.60000038,2916,16.6,16.7,107,5.4,>50%,NA,27.72143173,NA,NA,NA,2,1956,After 1944,0,0,Egypt
47,El Salvador,46.9,Part Democ,64,6.53,76.87,70.16,81.1,0,30.6,63,6.4,2.08,0,Latin America/Caribbean,Catholic,3.6,3.6,0.5,0.659,23.9,104.5,6.2,64.3,0.653,89,74,73.44,55,Spain,41.97881684,Legislature and executive are locally elected,87.5,Approx 90%,Yes,8,Yes,Yes,>1 to 5 members,16,34.04255387,4-5 parties,4-5 parties,2,Not member,5.5,9,0.197799996,Low,Low,67.4,39,70,85.7,89.2,75,64.5,74.1,50,83.8,69.9,High,41.7,0.2226,High,Middle,Low,Mid,Low,6794,2,Low,53.2,52.4,High GDP,1821,No,el salvador,Not member,NA,8,Yes,NA,Presidential democ,1,7.199999809,829,10.6,30.7,620,17.2,>50%,52.72,53.58396149,10.7,19,26.2,26.2,1939,1944 or before,1,100,El Salvador
48,Equatorial Guinea,NA,Authoritarian,164,1.66,63.36,61.4,87,346000,41.5,54.4,4.1,4.91,0.833,Africa,Catholic,0.6,1.7,NA,0.538,19.3,101.3,0.7,39.7,NA,NA,75,62.37,4.1,Spain,NA,No local elections,40.8,Approx 40%,No,0,No,No,NA,31,14.18439705,NA,NA,1,Not member,1.5,0,0.346700013,Low,Medium,44.8,17,40,75.5,83.9,20,44.8,80.9,20,58.9,48.6,Low,22.3,0.4394,High,High,High,High,High,33873,3,NA,NA,NA,High GDP,1968,No,equatorial guinea,Not member,NA,-5,Yes,NA,Dictatorship,0,NA,1614,1.8,NA,NA,NA,NA,NA,88.09722137,NA,NA,NA,10,1963,After 1944,0,0,Equatorial Guinea
49,Eritrea,NA,Authoritarian,155,2.44,64.69,60.4,58.6,0,42.1,54.3,3.6,4.48,9.167,Africa,Muslim,2,1.5,NA,NA,19.1,102.4,5.2,21.6,NA,NA,76,62.52,NA,Other,NA,No local elections,40.8,Approx 40%,No,0,No,No,NA,7,36.17021282,NA,NA,NA,Not member,1.5,1,0.652400017,High,High,18,26,20,73,6.9,NA,70.8,59,10,69.1,35.3,Low,3.2,0.015,Low,Low,Low,Low,Low,632,1,NA,NA,NA,Low GDP,1993,Yes,eritrea,Not member,NA,-7,No,NA,Dictatorship,0,7.199999809,3900,4.1,NA,1,0.5,NA,NA,NA,NA,NA,NA,22,1955,After 1944,0,0,Eritrea
50,Estonia,36,Part Democ,34,7.74,78.97,68.02,99.8,7600,15.1,67.2,17.7,1.44,0,Europe,Orthodox Christian,5,4.1,2.2,0.812,39.6,105.6,1.3,69.5,0.409,39,77,73.33,7.7,Soviet Union,39.18230758,NA,63,Approx 60%,Yes,9,Yes,Yes,6 or more members,9,65.01181965,6-11 parties,6-11 parties,3,EU Member state,7,12,0.506200016,High,Medium,83.1,66,80,80.2,62.2,90,47,71.1,80,87.5,74.7,High,27.7,0.4792,High,High,High,High,High,20662,3,Medium,37.2,35.8,High GDP,1991,No,estonia,Not member,Moderate post-mat,9,Yes,Moderate,Parliamentary democ,1,26.39999962,127,66.2,NA,297,1.7,<20%,53.44,56.01451111,18.8,20.8,20.8,20.8,1918,1944 or before,1,100,Estonia
51,Ethiopia,29.8,Authoritarian,124,3.72,58.81,53.64,42.7,0,46.3,51,2.7,6.02,2.222,Africa,Muslim,5.5,2.2,1.4,0.328,18,101.6,85,16.7,NA,NA,78,56.19,39.3,none,NA,Legislature is elected but executive is appointed,40.8,Approx 40%,No,3,No,No,single member,5,25.53191523,NA,NA,3,Not member,3,4,0.723500013,High,High,66.3,26,20,77.7,82.9,25,61.5,60.4,30,61.9,51.2,Low,70.1,0.009,Low,Low,Low,Low,Low,868,1,NA,30,30,Low GDP,NA,Yes,ethiopia,Not member,NA,1,No,NA,Dictatorship,0,4.099999905,3500,0.4,44.2,5,1.5,NA,NA,77.35290527,NA,NA,NA,27.8,1955,After 1944,0,0,Ethiopia
52,Fiji,42.8,Hybrid,91,5.61,74.03,68.73,93.7,0,28.9,65.9,5.2,2.61,1.667,Australia/New Zealand/Oceania,Other Christian,6.2,2.8,1.3,0.669,25,106.3,0.9,51.9,NA,NA,81,71.31,NA,UK,NA,NA,58.3,Approx 60%,No,0,No,No,>1 to 5 members,0,47.9905437,NA,NA,2,Not member,4.5,4,0.547900021,High,Medium,63.5,40,60,75.7,80.6,25,84,73.6,30,71,60.3,MidHi,3.7,0.2281,High,Middle,High,Mid,High,4382,2,Low,NA,NA,High GDP,1970,No,fiji,Not member,NA,-4,No,NA,Dictatorship,0,NA,758,12.2,NA,143,3.4,NA,NA,59.85870361,NA,NA,NA,NA,1963,After 1944,0,0,Fiji
53,Finland,26.9,Full Democ,8,9.03,82.89,75.79,100,8718,16,66.1,17.8,1.73,0,Europe,Other Christian,5.9,6.1,1.3,0.871,42,104.6,5.3,85.1,0.248,8,82,79.27,45.4,none,46.87592446,Legislature is elected but executive is appointed,100,100%,Yes,10,Yes,Yes,6 or more members,56,94.08983429,6-11 parties,6-11 parties,3,EU Member state,7,12,0.131500006,Low,Low,95,90,80,65.4,32.9,75,43.8,78.9,90,87.5,73.8,High,188.2,2.5295,High,High,High,High,High,35427,3,High,26.9,26.9,High GDP,1917,No,finland,OECD Member state,High post-mat,10,Yes,Moderate,Parliamentary democ,1,59.70000076,127,82,NA,156,0.3,<20%,68.18,74.82191467,37.5,41.5,42.5,42.5,1906,1944 or before,1,100,Finland
54,France,32.7,Full Democ,23,8.04,84.54,78.02,99,70820,18.5,64.7,16.8,1.96,1.667,Europe,Catholic,5.6,8.7,2.3,0.872,40.1,104.3,62.6,85.3,0.26,11,83,81.19,83.5,France,55.11650891,Legislature and executive are locally elected,100,100%,Yes,9,Yes,Yes,single member,31,86.05200844,1-3 parties,1-3 parties,1,EU Member state,7,12,0.103200004,Low,Low,86.3,69,70,51.9,17.9,50,54.7,79.7,80,82.5,64.2,MidHi,2100,2.4061,High,High,High,High,High,34045,3,NA,32.7,32.7,High GDP,486,No,france,OECD Member state,High post-mat,9,No,High,NA,1,6.099999905,396,67.9,NA,255,0.6,<20%,54.52,64.08487701,12.2,18.2,26.9,26.9,1944,1944 or before,1,100,France
55,Gabon,41.5,Authoritarian,121,3.76,53.22,51.78,63.2,241700,42.2,54,3.9,4.59,1.389,Africa,Other Christian,3.8,3,NA,0.648,21.6,102.1,1.5,86,0.678,99,86,52.49,25.8,France,NA,Legislature and executive are locally elected,40.8,Approx 40%,No,4,No,No,single member,9,35.93380643,NA,NA,1,Not member,3.5,4,0.768999994,High,High,58.8,31,40,61.5,86.4,45,57.4,71.4,40,62.1,55.4,MidLow,21,0.378,High,High,High,High,High,14527,3,NA,NA,NA,High GDP,1960,No,gabon,Not member,NA,3,No,NA,Dictatorship,0,2,500,6.2,NA,8,0.1,NA,NA,67.02394104,NA,NA,NA,15.8,1956,After 1944,0,0,Gabon
56,"Gambia, The",47.3,Authoritarian,141,3.05,65.86,61.23,40.1,0,40,56.9,3.1,4.23,0,Africa,Muslim,2,2.6,NA,0.39,18.8,101.8,1.8,58.2,0.742,120,87,63.51,NA,NA,NA,No local elections,NA,NA,No,NA,NA,No,NA,NA,NA,NA,NA,NA,NA,NA,NA,NA,NA,NA,NA,NA,NA,NA,NA,NA,NA,NA,NA,NA,NA,NA,NA,NA,NA,NA,Low,Low,Low,NA,NA,NA,NA,NA,NA,NA,Yes,NA,NA,NA,NA,NA,NA,NA,NA,NA,852,6.9,61.3,40,8.2,NA,NA,NA,NA,NA,NA,NA,NA,NA,0,NA,"Gambia, The"
57,Georgia,40.8,Hybrid,81,5.82,80.82,73.8,100,994.9,15.6,68.3,16,1.45,1.667,Asia,Orthodox Christian,2.9,1.5,8.5,0.698,37.6,110.7,4.2,52.8,0.597,71,89,77.12,NA,Soviet Union,38.62790273,NA,63,Approx 60%,Yes,7,No,Yes,6 or more members,0,28.36879478,NA,1-3 parties,1,Not member,4.5,6,0.492300004,High,Medium,87.9,39,60,89.1,65.3,70,93.7,70.2,40,89.1,70.4,High,21.4,0.0656,Low,Low,Low,Mid,Low,4896,2,Low,36.9,40.4,Low GDP,1991,No,georgia,Not member,Low post-mat,6,No,Moderate,Dictatorship,0,NA,4352,23.8,54.5,170,5.7,20-50%,NA,58.40738297,NA,NA,12,12,1918,1944 or before,0,0,Georgia
58,Germany,28.3,Full Democ,13,8.64,82.44,77.82,99,156800,13.3,66.1,20.6,1.41,2.222,Europe,Catholic,4.4,8,1.3,0.885,44.3,105.4,82.1,73.9,0.24,7,90,80.07,78.8,none,52.72892711,Legislature and executive are locally elected,100,100%,Yes,10,Yes,Yes,NA,10,88.17966881,6-11 parties,6-11 parties,3,EU Member state,7,12,0.168200001,Low,Low,89.6,79,60,58.3,41.4,85,39.9,79.9,90,87.5,71.1,High,2900,2.4051,High,High,High,High,High,35613,3,High,28.3,28.3,High GDP,1871,No,germany,OECD Member state,High post-mat,10,No,High,Parliamentary democ,1,29.60000038,151,75.5,NA,135,0.3,<20%,71.99,72.74932098,32.8,32.8,32.9,32.9,1918,1944 or before,1,100,Germany
59,Ghana,42.8,Part Democ,68,6.33,62.25,59.78,57.9,7081,36.5,60,3.6,3.48,0,Africa,Other Christian,5.4,4.3,0.7,0.467,20.6,104.5,24.3,51.5,0.729,114,91,61,59.9,UK,NA,NA,40.8,Approx 40%,Yes,8,Yes,Yes,single member,4,46.80851063,1-3 parties,1-3 parties,1,Not member,6,11,0.673300028,High,High,56.8,39,60,83.5,58.9,65,57.4,65.9,50,65.3,60.2,MidHi,33.9,0.0304,Low,Low,Low,Low,Low,1452,1,NA,30,40.8,Low GDP,1957,No,ghana,Not member,NA,8,No,NA,Presidential democ,0,25.89999962,3223,4.3,28.5,5,0.8,NA,79.98,60.15103531,10.9,8.3,10.3,10.3,1954,After 1944,1,100,Ghana
60,Greece,34.3,Part Democ,41,7.45,82.65,77.36,96,6779,14.2,66.2,19.6,1.38,2.5,Europe,Orthodox Christian,4,5.8,3.6,0.855,41.6,106.6,11.2,61.4,0.317,23,93,79.92,144,Ottoman,NA,Legislature and executive are locally elected,100,100%,Yes,10,Yes,Yes,>1 to 5 members,25,65.24822746,1-3 parties,1-3 parties,1,EU Member state,6.5,11,0.157600001,Low,Low,77.4,47,60,65.9,41.9,60,55.1,77.6,60,82.5,62.7,MidHi,330,1.2494,High,High,High,High,High,29361,3,Medium,35.4,34.3,High GDP,1829,No,greece,OECD Member state,NA,10,Yes,NA,Parliamentary democ,1,15.39999962,379,43.1,NA,239,0.8,20-50%,74.14,82.95891571,14,14.7,21,21,1927,1944 or before,1,100,Greece
61,Guatemala,53.7,Hybrid,82,5.81,72.83,69.03,69.1,13530,38.1,58,3.9,3.27,0,Latin America/Caribbean,Catholic,3.2,2.1,0.4,0.56,18.8,103.8,14.4,49.5,0.713,107,98,70.88,29.6,Spain,NA,No local elections,87.5,Approx 90%,Yes,8,Yes,Yes,>1 to 5 members,4,32.1512999,1-3 parties,1-3 parties,1,Not member,4,7,0.512199998,High,Medium,52.5,31,50,79.3,93.9,60,54.3,70.2,35,84,61,MidHi,65.1,0.1941,High,Middle,Low,Mid,Low,4760,2,NA,48.3,55.1,High GDP,1821,No,guatemala,Not member,NA,8,Yes,NA,Presidential democ,1,4.400000095,2350,14.3,51,326,11.4,NA,NA,31.76327515,8.2,12,13.3,13.3,1946,After 1944,0,100,Guatemala
62,Guinea,43.3,Authoritarian,143,3.01,59.64,56.63,29.5,0,42.5,54,3.5,5.1,0,Africa,Muslim,1.7,0.6,NA,0.34,18.5,104.4,10.3,35.4,NA,NA,101,58.11,NA,Portugal,NA,NA,40.8,Approx 40%,No,5,No,No,NA,5,28.13238838,NA,NA,2,Not member,2.5,2,0.738900006,High,High,43.7,16,40,69.9,93.1,40,78,57.4,20,60,51.8,MidLow,11.8,0.0415,Low,Low,Low,Low,Low,1204,1,NA,40.3,38.6,Low GDP,1973,Yes,guinea,Not member,NA,5,No,NA,Dictatorship,0,2.5,1025,0.9,NA,7,1.9,NA,NA,67.68532562,NA,NA,NA,NA,1958,After 1944,0,0,Guinea
63,Guinea-Bissau,35.5,Authoritarian,159,1.93,50.67,46.8,42.4,0,40.4,56.4,3.2,4.51,0,Africa,Other,5.2,1.6,NA,0.289,18.7,100.8,1.6,30,NA,NA,100,48.7,NA,Spain,NA,NA,40.8,Approx 40%,Yes,7,Yes,Yes,>1 to 5 members,0,14.65720984,4-5 parties,4-5 parties,2,Not member,4,6,0.808200002,High,High,23.4,19,30,88.6,47.3,30,52.5,67,20,58.2,43.6,Low,0.8,0.0141,Low,Low,Low,Low,Low,538,1,NA,47,47,Low GDP,1958,No,guinea-bissau,Not member,NA,6,Yes,NA,Presidential democ,0,NA,1137,2.4,65.7,19,7,NA,NA,44.51617432,14,10,14,14,1977,After 1944,0,100,Guinea-Bissau
64,Guyana,43.2,Hybrid,78,5.91,71.07,63.27,NA,0,31.9,63.3,4.8,2.34,0,Latin America/Caribbean,Other,6.1,7.2,NA,0.611,27.4,103.4,0.8,28.6,0.667,92,102,67.08,57,UK,NA,Legislature and executive are locally elected,87.5,Approx 90%,No,6,Yes,No,NA,8,39.00709237,NA,NA,NA,Not member,6,9,0.619499981,High,High,63.4,26,40,55.9,26.2,30,65.2,71,35,71.3,48.4,Low,1.9,0.0937,Low,Middle,Low,Low,Low,2542,1,NA,43.2,NA,Low GDP,1966,No,guyana,Not member,NA,6,Yes,NA,Presidential democ,0,25.20000076,NA,26.9,NA,365,24.1,NA,66.44,71.92927551,30.8,30,NA,31.3,1953,After 1944,0,100,Guyana
65,Haiti,59.5,Authoritarian,118,3.82,63.53,60.84,52.9,0,35.9,60.1,3.9,3.07,0,Latin America/Caribbean,Catholic,NA,1.2,0,0.404,21.6,104.1,10.2,52.1,0.739,119,103,62.17,NA,France,NA,NA,87.5,Approx 90%,No,NA,Yes,No,single member,0,9.692672748,1-3 parties,NA,1,Not member,1.5,5,0.094999999,Low,Low,36,14,30,81.5,91.3,30,69.2,67.1,10,79.1,50.8,Low,11.5,0.0415,Low,Low,Low,Low,Low,1177,1,NA,NA,59.2,Low GDP,1804,No,haiti,Not member,NA,NA,No,NA,NA,0,NA,4900,10.1,NA,143,19.6,NA,NA,42.10826111,3.6,4.1,NA,4.2,1950,After 1944,0,100,Haiti
66,Honduras,55.3,Hybrid,80,5.84,72.37,68.93,80,0,36.7,59.5,3.8,3.09,0,Latin America/Caribbean,Other Christian,NA,4.1,0.8,0.604,20.9,104.2,7.6,51.6,0.68,101,105,70.61,26.1,Spain,NA,Legislature and executive are locally elected,87.5,Approx 90%,Yes,7,Yes,Yes,6 or more members,18,29.31442035,1-3 parties,1-3 parties,1,Not member,5,8,0.186700001,Low,Low,63,26,60,84.7,73.5,60,31.6,70.2,30,83.7,58.3,MidLow,28.7,0.0966,Low,Middle,Low,Low,Low,3965,2,Low,55,53.8,Low GDP,1821,No,honduras,Not member,NA,7,Yes,NA,Presidential democ,0,4.5,1177,13.1,50.7,392,21.5,NA,50.69,51.32912445,5.5,23.4,19.5,19.5,1955,After 1944,0,100,Honduras
67,Hong Kong,43.4,Part Democ,66,6.46,84.97,79.32,NA,0,11.6,74.8,13.5,1.07,0,Asia,Other,3.3,NA,NA,0.862,41.9,108.1,7.1,100,NA,NA,48,82.04,18.2,NA,NA,NA,NA,NA,NA,NA,NA,NA,NA,NA,NA,NA,NA,NA,NA,NA,NA,NA,NA,NA,NA,NA,NA,NA,NA,NA,NA,NA,NA,NA,NA,NA,NA,NA,NA,NA,High,High,High,NA,NA,NA,NA,NA,NA,NA,No,NA,NA,NA,NA,NA,NA,NA,NA,NA,152,67,NA,51,0.2,NA,NA,NA,NA,NA,NA,NA,NA,NA,1,NA,Hong Kong
68,Hungary,30,Part Democ,51,6.9,78.76,71.04,99.4,21430,14.9,68.2,16.9,1.4,0,Europe,Catholic,5.4,5.2,1.2,0.805,39.8,105.9,10,68.1,0.382,34,106,74.79,79.6,Soviet Union,45.54324895,Legislature and executive are locally elected,63,Approx 60%,Yes,10,Yes,Yes,NA,10,65.01181965,6-11 parties,6-11 parties,3,EU Member state,7,12,0.152199998,Low,Low,76.8,51,70,68.6,25.9,75,67.6,74.1,65,87.5,66.1,MidHi,194,0.6481,High,High,High,High,High,19330,3,Medium,24.4,26.9,High GDP,1991,No,hungary,OECD Member state,Low post-mat,10,No,Low,Parliamentary democ,1,52.5,719,58.5,NA,262,1.7,20-50%,41.08,58.38253784,9.1,11.1,8.8,8.8,1953,After 1944,1,100,Hungary
69,Iceland,26.3,Full Democ,3,9.58,83.17,78.72,99,0,20.2,67.1,12.7,1.89,0,Europe,Other Christian,7.5,7.7,0,0.869,35.1,106,0.3,93.4,0.279,13,107,80.9,123.8,none,63.6285677,Legislature and executive are locally elected,100,100%,Yes,NA,Yes,Yes,6 or more members,NA,93.38061511,4-5 parties,4-5 parties,2,Not member,7,12,0.079800002,Low,Low,93,89,60,75.4,45.8,65,60.8,69.9,90,87.9,73.7,High,11.7,2.9749,High,High,High,High,High,36775,3,High,NA,NA,High GDP,1944,No,iceland,OECD Member state,High post-mat,NA,Yes,High,NA,1,70.69999695,127,59,NA,112,0.2,<20%,84.65,87.82138824,30.2,42.9,39.7,39.7,1915,1944 or before,1,100,Iceland
70,India,36.8,Part Democ,27,7.92,67.95,65.77,61,878700,29.7,64.9,5.5,2.62,4.722,Asia,Other,3.2,1.1,2.6,0.519,25,108.5,1214.5,30,0.748,122,108,66.8,55.9,UK,62.20531635,Legislature is elected but executive is appointed,58.3,Approx 60%,Yes,9,Yes,Yes,single member,50,43.49881808,6-11 parties,6-11 parties,3,Not member,5.5,9,0.418199986,Low,Medium,36.3,34,40,73.4,76.1,35,57.7,67.5,50,67.9,53.8,MidLow,3400,0.0487,Low,Low,Low,Low,Low,2972,1,NA,32.5,36.8,Low GDP,1947,No,india,Not member,Low post-mat,9,No,Moderate,Parliamentary democ,0,5.400000095,850,4.5,28.6,44,4.3,>50%,60.57,59.15737534,8.3,10.7,11,11,1950,After 1944,1,100,India
71,Indonesia,37.6,Part Democ,49,6.95,73.99,68.8,90.4,1023000,27.3,66.5,6.1,2.25,6.389,Asia,Muslim,3.5,1.2,1,0.6,28.2,104.1,232.5,44.3,0.68,100,109,71.33,26.4,Netherlands,50.53138477,Legislature and executive are locally elected,58.3,Approx 60%,Yes,8,Yes,Yes,6 or more members,1,33.33333328,4-5 parties,4-5 parties,2,Not member,4.5,9,0.735099971,High,High,53.1,26,40,81.9,89.1,35,50.8,70.8,30,77.9,55.5,MidLow,907.3,0.0817,Low,Low,Low,Mid,Low,3975,2,NA,34.3,34.3,Low GDP,1945,Yes,indonesia,Not member,NA,8,Yes,NA,Presidential democ,0,2.599999905,847,7.9,16.7,30,1.3,>50%,87.6,90.20630646,11.3,18.2,18.6,18.6,1945,After 1944,1,100,Indonesia
72,Iran,38.3,Authoritarian,158,1.98,71.61,68.58,77,4172000,24.1,70.9,5,1.88,10,Asia,Muslim,4.8,3,2.7,0.702,26.8,105.2,75.1,70.8,0.674,98,110,70.06,16.2,none,57.68535262,Legislature is elected but executive is appointed,10.5,10%,No,0,No,No,single member,3,35.69739933,NA,NA,1,Not member,2,2,0.66839999,High,High,69.9,23,10,81.1,79.6,NA,55.1,54.7,10,50.2,43.4,Low,839.4,0.1652,Low,Middle,Low,Low,Low,11666,2,Low,43,43,Low GDP,1979,Yes,iran,Not member,Moderate post-mat,-7,No,Low,Dictatorship,0,NA,3483,32,NA,16,0.4,>50%,NA,62.78083038,NA,NA,NA,3.1,1963,After 1944,0,0,Iran
73,Iraq,29.5,Hybrid,111,4.23,72.02,69.15,74.1,2399000,38,58.9,3.1,3.67,3.889,Asia,Muslim,NA,1.9,5.4,NA,19.3,106,31.5,66.2,0.751,123,111,70.55,NA,UK,NA,NA,10.5,10%,No,4,No,No,>1 to 5 members,76,7.801418778,NA,NA,NA,Not member,2,2,0.368900001,Low,Medium,NA,NA,NA,NA,NA,NA,NA,NA,NA,NA,NA,NA,105.7,NA,NA,NA,NA,NA,NA,3570,1,NA,NA,NA,NA,1932,Yes,iraq,Not member,NA,3,Yes,NA,Parliamentary democ,NA,NA,NA,1,NA,0,NA,NA,NA,NA,NA,NA,NA,25.2,1980,After 1944,0,0,Iraq
74,Ireland,34.3,Full Democ,12,8.72,82.55,77.96,99,0,21.1,67.3,11.6,2.02,0,Europe,Catholic,4.9,6.1,0.6,0.895,34.6,106.4,4.6,61.9,0.344,29,112,80.19,94.2,UK,68.49764235,Legislature and executive are locally elected,100,100%,Yes,10,Yes,Yes,>1 to 5 members,79,84.86997647,1-3 parties,1-3 parties,1,EU Member state,7,12,0.1206,Low,Low,92.8,77,80,71.1,61.8,95,79,79,90,87.5,81.3,High,197.1,3.0982,High,High,High,High,High,44200,3,High,35.9,34.3,High GDP,1921,No,ireland,OECD Member state,Moderate post-mat,10,Yes,Moderate,Parliamentary democ,1,36,310,62.7,NA,146,0.2,20-50%,68.89,70.18080902,13.3,13.3,15.1,15.1,1918,1944 or before,1,100,Ireland
75,Israel,39.2,Part Democ,36,7.63,83.24,78.79,97.1,3806,27.6,62.2,10.1,2.7,3.889,Asia,Other,6.4,4.5,7,0.872,29.7,105.9,7.3,91.9,0.332,28,113,80.96,77.3,UK,NA,NA,10.5,10%,Yes,10,Yes,Yes,6 or more members,52,70.68557875,6-11 parties,6-11 parties,3,Not member,6,11,0.343600005,Low,Medium,66.4,60,70,58.4,35.4,85,65.4,78.2,70,87.8,67.7,High,201.3,1.5792,High,High,High,High,High,27548,3,High,35.5,39.2,High GDP,1948,No,israel,Not member,NA,10,Yes,NA,Parliamentary democ,1,23.10000038,175,47.9,NA,195,0.7,NA,71.16,83.20001984,15,17.5,21.7,21.7,1948,After 1944,1,100,Israel
76,Italy,36,Part Democ,29,7.85,84.53,79.16,98.4,146500,13.8,65.9,20.3,1.39,0,Europe,Catholic,4.3,6.7,1.7,0.854,43.3,105.5,60.1,68.4,0.251,9,115,81.77,118.1,none,37.01656993,Legislature and executive are locally elected,100,100%,Yes,10,Yes,Yes,NA,52,68.085107,6-11 parties,6-11 parties,3,EU Member state,7,11,0.114500001,Low,Low,77.9,48,60,55.2,31.2,75,58.2,79,55,87.5,62.7,MidHi,1800,2.0528,High,High,High,High,High,30756,3,Medium,36,36,High GDP,1861,No,italy,OECD Member state,High post-mat,10,No,High,Parliamentary democ,1,30.60000038,88,41.8,NA,52,0.1,20-50%,79.13,90.17718506,11.5,21.3,21.4,21.4,1945,After 1944,1,100,Italy
77,Jamaica,45.5,Part Democ,43,7.39,75.19,71.79,NA,0,30.1,62.3,7.6,2.17,0,Latin America/Caribbean,Other Christian,6.2,2.4,0.6,0.688,26.3,105.1,2.7,52,0.638,84,116,73.45,123.2,UK,NA,NA,87.5,Approx 90%,Yes,9,Yes,Yes,single member,41,44.91725768,1-3 parties,1-3 parties,1,Not member,5.5,9,0.412900001,Low,Medium,87,31,60,74.8,61.8,85,70,68.4,45,72.2,65.5,MidHi,20.7,0.3008,High,Middle,High,Mid,High,7705,2,NA,37.9,45.5,High GDP,1962,No,jamaica,Not member,NA,9,No,NA,Parliamentary democ,1,NA,1856,57.3,18.7,811,14.9,NA,49.56,46.72374344,11.7,13.3,12.7,12.7,1944,1944 or before,1,100,Jamaica
78,Japan,24.9,Full Democ,20,8.08,85.72,78.96,99,132700,13.1,64,22.9,1.21,0,Asia,Other,3.4,6.5,0.9,0.884,44.7,105.5,127,66.8,0.273,12,117,82.25,225.8,none,37.03375955,Legislature and executive are locally elected,58.3,Approx 60%,Yes,10,Yes,Yes,6 or more members,48,71.86761353,6-11 parties,6-11 parties,3,Not member,6.5,11,0.0119,Low,Low,84.5,73,50,67.2,61.1,60,82.4,88.8,80,82.4,72.9,High,4400,3.1407,High,High,High,High,High,34099,3,Medium,24.9,24.9,High GDP,NA,No,japan,OECD Member state,Moderate post-mat,10,No,Moderate,Parliamentary democ,1,18.60000038,152,75.2,NA,15,0,<20%,66.62,61.46362686,7.1,11.3,7.9,7.9,1945,After 1944,1,100,Japan
79,Jordan,37.7,Authoritarian,121,3.76,81.45,78.73,89.9,0,35.3,59.9,4.8,3.39,9.444,Asia,Muslim,4.9,5.4,5.9,0.681,22.8,104.4,6.5,78.5,0.616,76,119,80.05,61.4,UK,73.62869198,Legislature is elected but executive is appointed,10.5,10%,No,2,No,No,>1 to 5 members,11,55.08274265,NA,NA,NA,Not member,3.5,4,0.592599988,High,Medium,65.6,51,60,83,55.1,65,74.2,73.2,55,78.8,66.1,MidHi,31.2,0.1799,Low,Middle,Low,Mid,Low,5283,2,NA,36.4,38.8,Low GDP,1946,Yes,jordan,Not member,Moderate post-mat,-3,No,Low,Dictatorship,0,NA,1187,27,14.2,642,17.9,>50%,NA,30.63292122,NA,NA,NA,12,1974,After 1944,0,0,Jordan
80,Kazakhstan,30.9,Authoritarian,137,3.17,74.08,63.24,99.5,1540000,21.6,71,7.4,1.87,7.778,Asia,Orthodox Christian,2.8,2.5,1.2,0.714,29.4,105.2,15.8,58.5,0.575,67,120,68.51,16.2,Soviet Union,NA,NA,63,Approx 60%,No,0,No,No,single member,9,27.65957419,NA,NA,2,Not member,2.5,3,0.6171,High,High,73.5,22,50,87.9,82.1,30,83.1,65.6,30,85.9,61,MidHi,177.4,0.1656,Low,Middle,High,High,High,11315,2,NA,31.3,33.9,Low GDP,1991,No,kazakhstan,Not member,NA,-6,No,NA,Dictatorship,0,NA,1582,10.9,15.4,12,0.1,NA,NA,43.47338486,NA,NA,NA,24.3,1924,1944 or before,0,0,Kazakhstan
81,Kenya,47.7,Hybrid,97,5.13,60.07,58.91,85.1,0,42.2,55.1,2.7,4.19,0,Africa,Other Christian,7,2,1.9,0.47,18.4,101.5,40.9,22.2,0.738,117,121,59.48,50.9,UK,NA,NA,40.8,Approx 40%,Yes,8,Yes,Yes,single member,3,26.47754081,4-5 parties,4-5 parties,2,Not member,5,7,0.858799994,High,High,63.4,21,50,78.1,83.1,45,63.7,72.7,30,67.9,57.5,MidLow,61.3,0.0393,Low,Low,Low,Low,Low,1590,1,NA,44.5,42.5,Low GDP,1963,No,kenya,Not member,NA,8,No,NA,Presidential democ,0,16.89999962,3260,8.7,46.6,44,5.6,NA,NA,53.70254517,7.1,9.8,9.8,9.8,1919,1944 or before,0,100,Kenya
82,"Korea, North",NA,Authoritarian,167,1.08,72.93,65.03,99,118,22.4,68.6,9.1,2.02,9.167,Asia,NA,NA,3,NA,NA,34,105.4,24,60.2,NA,NA,123,68.89,NA,NA,NA,Legislature and executive are locally elected,NA,NA,No,NA,NA,No,NA,NA,NA,NA,NA,NA,NA,NA,NA,NA,NA,NA,NA,NA,NA,NA,NA,NA,NA,NA,NA,NA,NA,NA,NA,NA,NA,NA,NA,NA,NA,NA,NA,NA,NA,NA,NA,NA,No,NA,NA,NA,NA,NA,NA,NA,NA,NA,NA,0,NA,NA,NA,NA,NA,NA,NA,NA,NA,NA,NA,NA,0,NA,"Korea, North"
83,"Korea, South",31.6,Full Democ,21,8.06,82.49,75.84,97.9,48180,15.7,72.9,11.4,1.23,0,Asia,Buddhist,4.2,3.5,2.8,0.877,37.9,110,48.5,83,0.31,20,124,79.05,23.7,NA,NA,Legislature is elected but executive is appointed,NA,NA,Yes,NA,NA,Yes,NA,NA,NA,NA,NA,NA,NA,NA,NA,NA,NA,NA,NA,NA,NA,NA,NA,NA,NA,NA,NA,NA,NA,NA,NA,NA,NA,NA,High,High,High,NA,NA,NA,NA,NA,NA,NA,No,NA,NA,NA,NA,NA,NA,NA,NA,NA,94,75.8,NA,63,0.3,NA,NA,NA,NA,NA,NA,NA,NA,NA,1,NA,"Korea, South"
84,Kuwait,NA,Authoritarian,120,3.78,78.3,75.95,93.3,2494000,25.8,72.2,2,2.64,7.222,Asia,Muslim,3.8,1.7,3.2,0.771,30.6,102.7,3.1,98.4,0.451,43,125,77.09,12.6,UK,NA,Legislature is elected but executive is appointed,10.5,10%,No,0,No,No,single member,8,50.35460984,NA,NA,NA,Not member,3.5,6,0.660399973,High,High,65.8,43,50,99.9,76.6,55,88,66.4,50,82.5,67.7,High,137.4,1.5193,High,High,High,High,High,39914,3,NA,NA,NA,High GDP,1961,Yes,kuwait,Not member,NA,-7,No,NA,Dictatorship,0,NA,601,36.7,NA,NA,NA,NA,NA,20.65459061,NA,NA,NA,6.2,NA,NA,0,0,Kuwait
85,Kyrgyzstan,33.5,Hybrid,95,5.24,74.24,66.04,98.7,979.1,29.3,65.4,5.3,2.63,2.222,Asia,Muslim,6.6,3.5,3.7,0.598,25.1,104.8,5.6,34.6,0.56,63,126,70.04,NA,Soviet Union,NA,Legislature is elected but executive is appointed,63,Approx 60%,Yes,7,No,Yes,single member,9,27.42316779,NA,NA,NA,Not member,2.5,5,0.675199986,High,High,76.6,18,50,92.9,80.2,50,82.6,62.2,25,75.9,61.3,MidHi,11.5,0.032,Low,Low,Low,Low,Low,2188,1,NA,29,30.3,Low GDP,1991,Yes,kyrgyzstan,Not member,NA,7,No,NA,Dictatorship,0,NA,1576,16.1,43.1,234,24.4,NA,NA,58.20768356,NA,NA,23.3,23.3,1918,1944 or before,0,0,Kyrgyzstan
86,Laos,32.6,Authoritarian,157,2.21,64.36,60.5,73,0,36.7,59.6,3.7,3.14,7.778,Asia,Buddhist,2.3,0.8,0.4,0.497,20.6,104.3,6.4,33.2,0.65,88,127,62.39,NA,France,NA,Legislature is elected but executive is appointed,58.3,Approx 60%,No,0,No,No,>1 to 5 members,25,27.65957419,NA,NA,NA,Not member,1.5,1,0.513899982,High,Medium,59.4,20,20,80.1,90.3,25,58.9,73.5,15,68.4,51.1,Low,13.2,0.0304,Low,Low,Low,Low,Low,2134,1,NA,37,34.6,Low GDP,1949,No,laos,Not member,NA,-7,No,NA,Dictatorship,0,NA,8691,8.5,33.5,0,0,NA,NA,NA,NA,NA,NA,NA,1958,After 1944,0,0,Laos
87,Latvia,36.3,Part Democ,39,7.48,78.07,67.56,99.7,0,13.5,69.5,16.9,1.32,1.667,Europe,Catholic,5,3.6,1.9,0.769,40,105.5,2.2,67.7,0.316,22,128,72.68,46.2,Soviet Union,39.22006628,NA,63,Approx 60%,Yes,8,Yes,Yes,6 or more members,9,62.41134791,6-11 parties,6-11 parties,3,EU Member state,6.5,11,0.586700022,High,Medium,72.9,50,50,82.7,57.4,80,59.1,67,55,87.5,66.2,MidHi,38.7,0.3595,High,Middle,High,High,High,17100,3,Medium,32.4,37.7,High GDP,1991,No,latvia,Not member,Moderate post-mat,8,Yes,High,Parliamentary democ,1,NA,809,60.4,5.9,265,1.8,<20%,50.18,63.1038475,21,20,23,23,1918,1944 or before,1,100,Latvia
88,Lebanon,NA,Hybrid,98,5.12,76.62,73.48,87.4,0,23,68,9,1.77,3.056,Asia,Muslim,2,3.9,3.9,NA,29.2,104,4.3,87.2,NA,NA,129,75.01,150.7,France,NA,Legislature is elected but executive is appointed,10.5,10%,No,8,No,No,6 or more members,0,36.87943271,NA,NA,3,Not member,2.5,5,0.131400004,Low,Low,56.6,30,60,91.6,62.8,55,57,71.4,30,80.5,59.5,MidHi,47.9,0.3894,High,High,High,Mid,High,11570,2,NA,NA,NA,High GDP,1943,Yes,lebanon,Not member,NA,7,No,NA,Dictatorship,0,NA,215,22.5,NA,1712,24.5,NA,NA,60.2446022,NA,NA,NA,3.1,1952,After 1944,0,0,Lebanon
89,Lesotho,52.5,Part Democ,60,6.66,51.76,51.51,84.8,0,33.5,61.1,5.4,2.94,0,Africa,Orthodox Christian,12.4,3.6,1.6,0.427,19.8,101.4,2.1,26.9,0.685,102,130,51.63,NA,UK,NA,NA,40.8,Approx 40%,No,8,Yes,No,single member,0,40.42553214,1-3 parties,NA,1,Not member,5.5,9,0.254999995,Low,Low,62,32,40,52,30,25,66.1,70.3,40,63.5,48.1,Low,3.2,0.0402,Low,Low,Low,Low,Low,1588,1,NA,63.2,63.2,Low GDP,1966,No,lesotho,Not member,NA,8,No,NA,Parliamentary democ,0,NA,1733,3.6,56.3,214,27,NA,38.63,60.65416336,11.7,25,NA,26.7,1965,After 1944,1,100,Lesotho
90,Liberia,52.6,Hybrid,101,4.95,58.6,55.44,57.5,0,44.3,52.7,2.9,5.13,0,Africa,Other Christian,2.7,2.8,0.6,0.3,18.5,102.1,4.1,47.8,0.766,131,131,57,NA,UK,NA,NA,40.8,Approx 40%,Yes,7,No,Yes,NA,3,10.87470472,NA,NA,NA,Not member,3.5,7,0.908399999,High,High,52.8,24,20,67.8,82.3,20,51.3,65.4,25,53.8,46.2,Low,1.5,0.0171,Low,Low,Low,Low,Low,388,1,NA,NA,NA,Low GDP,1847,No,liberia,Not member,NA,6,No,NA,Dictatorship,0,NA,3900,0.5,NA,15,6.9,NA,NA,NA,NA,NA,11,11,1946,After 1944,0,0,Liberia
91,Libya,NA,Authoritarian,119,3.8,80.08,75.34,82.6,1790000,32.8,62.7,4.6,2.96,8.611,Africa,Muslim,2.7,1.9,1.3,0.755,26.2,104.9,6.5,77.9,0.504,52,132,77.65,3.3,Other,NA,Legislature and executive are locally elected,10.5,10%,No,NA,No,No,NA,49,26.00472802,NA,NA,NA,Not member,1,0,0.791999996,High,High,20,26,20,81.7,62.8,10,20,66.4,10,85,40.2,Low,96.7,0.3512,High,Middle,High,High,High,15402,3,NA,NA,NA,High GDP,1951,Yes,libya arab jamahiriy,Not member,NA,NA,No,NA,Dictatorship,0,NA,3130,5.1,NA,3,0,NA,NA,NA,NA,NA,NA,16.5,1964,After 1944,0,0,Libya
92,Lithuania,35.8,Part Democ,38,7.54,80.48,70.48,99.6,6333,13.8,69.7,16.5,1.25,0,Europe,Catholic,4.7,4.5,1.5,0.783,39.8,105.3,3.3,67,0.359,33,134,75.34,36.7,Soviet Union,48.12608588,Legislature and executive are locally elected,63,Approx 60%,Yes,10,Yes,Yes,NA,9,60.99290814,4-5 parties,4-5 parties,2,EU Member state,6,12,0.322299987,Low,Medium,82,46,80,84.6,63.5,75,58.5,70.8,55,87.5,70.3,High,63.2,0.3977,High,High,High,High,High,18824,3,Medium,31.9,36,High GDP,1990,No,lithuania,Not member,Low post-mat,10,No,High,NA,1,NA,703,54.4,NA,435,3.1,<20%,46.15,66.4932785,22,17.7,24.5,24.5,1921,1944 or before,1,100,Lithuania
93,Luxembourg,26,Full Democ,11,8.88,83.08,76.36,100,0,18.2,66.9,14.9,1.77,0,Europe,Catholic,3.7,6.5,NA,0.852,39.3,106.5,0.5,85.2,0.318,24,135,79.61,16.2,Netherlands,NA,NA,100,100%,Yes,NA,Yes,Yes,6 or more members,NA,96.92671665,4-5 parties,4-5 parties,2,EU Member state,7,12,0.530200005,High,Medium,75.1,83,80,65.9,58.5,95,40.4,78.9,90,87.5,75.4,High,38.3,4.7354,High,High,High,High,High,78599,3,NA,30.8,31,High GDP,1839,No,luxembourg,OECD Member state,NA,NA,Yes,NA,Parliamentary democ,1,39.5,280,79.2,NA,3527,3.2,<20%,56.5,60.52085114,23.3,20,21.7,21.7,1919,1944 or before,1,100,Luxembourg
94,Macedonia,42.8,Part Democ,72,6.25,77.87,72.61,96.1,0,18.5,70,11.6,1.58,0,Europe,Orthodox Christian,3.5,4.7,1.8,0.701,36,107.9,2,59.3,NA,NA,136,75.14,34.2,Soviet Union,12.33005157,Legislature and executive are locally elected,63,Approx 60%,Yes,9,Yes,Yes,single member,9,37.3522462,NA,NA,NA,Not member,5,8,NA,NA,NA,65.2,36,60,89.3,65.9,60,83.1,79,35,83.3,65.7,MidHi,20.5,0.186,Low,Middle,High,Mid,High,10041,2,Medium,28.2,39,Low GDP,1991,No,macedonia,Not member,Low post-mat,9,Yes,Low,Parliamentary democ,0,NA,1596,41.5,21.7,199,4.3,20-50%,NA,63.53277206,NA,28.3,NA,NA,1946,After 1944,1,100,Macedonia
95,Madagascar,47.2,Hybrid,110,4.42,65.7,61.62,68.9,0,43.1,53.8,3,5.02,1.389,Africa,Other Christian,2.9,2.7,1.1,0.435,18.4,101.4,20.1,30.2,NA,NA,137,63.63,NA,France,NA,Legislature and executive are locally elected,40.8,Approx 40%,Yes,4,Yes,Yes,>1 to 5 members,2,37.58865259,4-5 parties,4-5 parties,2,Not member,5,7,0.502300024,High,Medium,71.9,34,50,87.3,88.8,60,46.9,75.4,45,73.2,63.2,MidHi,20,0.0268,Low,Low,Low,Low,Low,1049,1,NA,47.5,47.5,Low GDP,1960,No,madagascar,Not member,NA,3,No,NA,NA,0,NA,954,1.7,68.7,1,0.1,NA,NA,51.1702652,6.9,NA,17.5,17.5,1959,After 1944,0,100,Madagascar
96,Malawi,39,Hybrid,89,5.66,52.48,50.93,62.7,0,45.1,52.2,2.7,5.43,0,Africa,Other Christian,4.2,5.9,NA,0.385,16.8,102.2,15.7,19.8,0.758,126,138,51.7,40.4,UK,NA,No local elections,40.8,Approx 40%,Yes,6,Yes,Yes,single member,6,30.49645373,1-3 parties,1-3 parties,1,Not member,4,6,0.879100025,High,High,44.8,28,50,78.9,45.8,50,59.3,71,45,68.6,54.1,MidLow,11.9,0.0177,Low,Low,Low,Low,Low,837,1,NA,50.3,39,Low GDP,1964,No,malawi,Not member,NA,6,No,NA,Presidential democ,0,NA,2007,2.1,52.4,0,0,NA,NA,68.16228485,14,20.8,22.3,22.3,1961,After 1944,0,100,Malawi
97,Malaysia,37.9,Part Democ,65,6.49,76.73,71.05,88.7,693700,29.6,65.4,5,2.67,8.611,Asia,Muslim,4.5,1.9,2,0.744,26.3,105.8,27.9,72.2,0.493,50,139,73.79,53.1,UK,NA,NA,58.3,Approx 60%,No,6,No,No,single member,29,68.3215134,NA,NA,NA,Not member,4,6,0.674399972,High,High,69.9,51,50,84.3,81.3,30,71.4,76.7,55,78.7,64.8,MidHi,383.7,0.3905,High,High,High,Mid,High,14215,3,Medium,49.2,49.2,High GDP,1957,Yes,malaysia,Not member,NA,6,No,NA,Dictatorship,0,NA,203,55.8,NA,71,0.9,NA,NA,63.32676697,NA,NA,NA,10.4,1957,After 1944,1,0,Malaysia
98,Mali,39,Hybrid,83,5.79,54.26,51.01,46.4,0,47.3,49.7,3,6.44,0,Africa,Muslim,3.8,2.9,1.9,0.309,17.6,102.2,13.3,35.9,0.799,135,141,52.61,NA,France,NA,Legislature and executive are locally elected,40.8,Approx 40%,Yes,7,Yes,Yes,single member,8,26.71394861,1-3 parties,1-3 parties,1,Not member,6,9,0.690599978,High,High,47.5,31,40,60.2,81.1,50,67.9,73.8,35,69.6,55.6,MidLow,14.3,0.0296,Low,Low,Low,Low,Low,1128,1,NA,50.5,40.1,Low GDP,1960,Yes,mali,Not member,NA,7,No,NA,NA,0,13.69999981,1233,1.6,NA,27,3.9,NA,38.96,24.17030334,10.2,10.2,10.2,10.2,1956,After 1944,0,100,Mali
99,Malta,27.4,Full Democ,15,8.39,82.12,77.45,NA,0,15.7,68.5,15.8,1.52,0,Europe,Catholic,4.8,5.8,0.7,0.815,39,106,0.4,94.7,0.395,35,142,79.72,69.1,UK,NA,Legislature is elected but executive is appointed,100,100%,Yes,NA,Yes,Yes,NA,NA,73.99527108,1-3 parties,1-3 parties,1,EU Member state,7,12,0.0414,Low,Low,70,58,60,62.5,45.6,70,60,78.1,80,87.5,67.2,MidHi,9.8,0.9748,High,High,NA,NA,NA,23760,3,Low,NA,NA,High GDP,1964,No,malta,Not member,NA,NA,Yes,NA,Parliamentary democ,1,57.90000153,287,48.3,NA,121,0.6,>50%,98.39,96.67327881,9.2,8.7,8.7,8.7,1947,After 1944,1,100,Malta
100,Mauritania,39,Hybrid,112,4.17,63.41,58.94,51.2,16510,40.4,56.2,3.5,4.3,7.778,Africa,Muslim,4.4,1.6,3.7,0.433,20.1,106.3,3.4,41.4,0.738,118,146,61.14,NA,France,NA,NA,40.8,Approx 40%,No,0,No,No,single member,38,42.78959819,NA,NA,1,Not member,2.5,3,0.61500001,High,High,48.3,28,40,75.1,73.4,30,52.5,78,25,69.9,52,MidLow,6.2,0.0348,Low,Low,Low,Low,Low,2052,1,NA,39,39,Low GDP,1960,Yes,mauritania,Not member,NA,-2,No,NA,Dictatorship,0,2.700000048,1100,1.9,46.3,1,0.1,NA,NA,58.59610367,NA,NA,NA,22.1,1961,After 1944,0,0,Mauritania
101,Mauritius,35.9,Full Democ,17,8.17,78.12,71.01,84.4,0,21.8,70.7,7.5,1.79,2.5,Africa,Other,3.6,2,0.2,0.701,32.6,103.7,1.3,41.8,0.466,46,147,74.48,60.5,UK,NA,Legislature and executive are locally elected,40.8,Approx 40%,Yes,10,Yes,Yes,>1 to 5 members,32,59.10165417,4-5 parties,4-5 parties,2,Not member,7,11,0.463400006,High,Medium,82.2,55,70,92.5,83.4,85,78.5,71.2,60,85.6,76.3,High,15.3,0.374,High,Middle,High,Mid,High,12079,2,NA,NA,NA,High GDP,1968,No,mauritius,Not member,NA,10,No,NA,Parliamentary democ,1,25.89999962,225,22.2,NA,179,2.3,NA,79.57,79.76822662,5.7,17.1,18.8,18.8,1956,After 1944,1,100,Mauritius
102,Mexico,51.6,Part Democ,57,6.68,79.43,73.65,86.1,3001000,28.2,65.2,6.6,2.29,3.056,Latin America/Caribbean,Catholic,4.8,2.7,0.5,0.75,27.6,104.3,110.6,77.8,0.576,68,149,76.47,41.5,Spain,26.04038779,Legislature and executive are locally elected,100,100%,Yes,8,Yes,Yes,NA,3,50.11820345,1-3 parties,1-3 parties,1,Not member,6,9,0.541800022,High,Medium,83,36,60,83.5,85.2,65,61.9,76.3,50,82,68.3,High,1500,0.632,High,High,High,High,High,14495,3,Medium,54.6,46.1,High GDP,1810,No,mexico,OECD Member state,High post-mat,8,No,Moderate,Presidential democ,1,31,368,22.2,47,247,2.4,>50%,63.62,59.31559372,22.6,28.2,36.8,36.8,1947,After 1944,1,100,Mexico
103,Moldova,37.4,Part Democ,69,6.32,75.28,67.68,99.1,0,15.5,74,10.4,1.29,1.667,Europe,Orthodox Christian,8.2,5.2,0.6,0.623,35.2,105.8,3.6,47,0.429,40,151,71.37,25,Soviet Union,42.19170898,NA,63,Approx 60%,Yes,8,Yes,Yes,single member,9,31.67848711,4-5 parties,4-5 parties,2,Not member,4.5,6,0.553499997,High,Medium,70.2,29,50,85.1,43,30,42.7,67.5,40,79.9,53.7,MidLow,10.6,0.0382,Low,Low,Low,Low,Low,2925,1,Low,36.2,33.2,Low GDP,1991,No,"moldova, republic of",Not member,Low post-mat,8,Yes,Low,NA,0,NA,1516,23.4,48.5,522,31.4,20-50%,NA,59.27751541,15.8,NA,19.8,19.8,1978,After 1944,1,100,Moldova
104,Mongolia,36.6,Part Democ,61,6.62,70.89,65.85,97.8,5975,27.3,68.7,4,2.21,4.722,Asia,Buddhist,5.1,3.5,NA,0.622,26.3,104.1,2.7,62,0.523,57,153,68.31,NA,Other,NA,Legislature is elected but executive is appointed,58.3,Approx 60%,Yes,10,Yes,Yes,single member,8,42.3167847,1-3 parties,1-3 parties,1,Not member,6,10,0.368200004,Low,Medium,69,30,60,81.9,56.7,50,75.9,66.5,30,79.8,60,MidHi,9.4,0.0457,Low,Low,Low,Mid,Low,3566,1,Low,44,32.8,Low GDP,1921,No,mongolia,Not member,NA,10,No,NA,NA,0,NA,1000,12.5,36.1,76,3.8,NA,60.47,88.65531158,6.8,4,14.9,14.9,1924,1944 or before,1,100,Mongolia
105,Montenegro,36.9,Hybrid,77,5.94,NA,NA,NA,0,15.5,71,13.5,NA,0,Europe,Orthodox Christian,NA,5.1,1.8,0.769,35.9,107.9,0.6,61.5,NA,NA,249,NA,38,NA,NA,NA,NA,NA,No,9,NA,No,NA,NA,NA,NA,NA,NA,NA,NA,NA,NA,NA,NA,NA,NA,NA,NA,NA,NA,NA,NA,NA,NA,NA,NA,NA,NA,NA,NA,High,Mid,High,NA,NA,NA,NA,NA,NA,NA,No,NA,NA,NA,9,NA,NA,NA,NA,NA,NA,47.2,NA,NA,NA,NA,NA,NA,NA,NA,NA,17.3,NA,NA,0,NA,Montenegro
106,Morocco,40.9,Authoritarian,116,4,79.11,72.84,52.3,4053,27.8,66.1,6.1,2.21,6.389,Africa,Muslim,5.7,1.7,3.4,0.567,26.2,103.7,32.4,58.2,0.693,104,155,75.9,58.2,France,NA,No local elections,10.5,10%,No,1,No,No,single member,35,48.22695036,NA,NA,3,Not member,3.5,5,0.484100014,High,Medium,76.1,35,60,68.5,81.5,60,21.7,78.4,40,71.2,59.2,MidLow,137,0.1218,Low,Middle,Low,Mid,Low,4388,2,NA,39.5,39.5,Low GDP,1956,Yes,morocco,Not member,NA,-4,Yes,NA,Dictatorship,0,4.800000191,5121,33,NA,218,7.8,>50%,NA,50.98933029,NA,NA,NA,17,1963,After 1944,0,0,Morocco
107,Mozambique,47.1,Hybrid,107,4.66,52.57,51.01,47.8,0,45.9,51.1,3,5.46,0,Africa,Catholic,5,3.5,0.8,0.284,17.9,101.3,23.4,38.4,0.718,111,156,51.78,40.8,Portugal,NA,Legislature is elected but executive is appointed,40.8,Approx 40%,No,5,No,No,6 or more members,6,36.87943271,NA,NA,1,Not member,4.5,8,0.693199992,High,High,58.7,26,50,77.6,76.1,50,42,74.9,30,74.5,56,MidLow,18.6,0.0195,Low,Low,Low,Low,Low,855,1,NA,39.6,47.3,Low GDP,1975,No,mozambique,Not member,NA,5,Yes,NA,Dictatorship,0,NA,1650,1.6,55.2,5,1.2,NA,35.56,66.43732452,NA,NA,NA,39.2,1975,After 1944,0,0,Mozambique
108,Namibia,74.3,Part Democ,73,6.24,51.89,52.48,85,0,34.2,61.7,4.1,2.49,0,Africa,Other Christian,6.5,3.2,3.5,0.606,21.1,101.3,2.2,38,0.615,75,157,52.19,20,Other,NA,NA,40.8,Approx 40%,No,6,Yes,No,NA,10,50.82742334,1-3 parties,NA,1,Not member,5.5,10,0.6329,High,High,73.3,45,40,68.3,69.5,50,87.2,71,30,87.8,62.2,MidHi,13.4,0.1463,Low,Middle,High,Mid,High,6343,2,Medium,70.7,74.3,Low GDP,1990,No,namibia,Not member,NA,6,Yes,NA,Presidential democ,0,22,278,5.3,NA,6,0.2,NA,80.23,62.99961472,25,26.9,NA,24.4,1989,After 1944,1,100,Namibia
109,Nepal,47.3,Hybrid,105,4.77,67.44,64.94,48.6,0,34.6,61.1,4.4,2.47,4.722,Asia,Other,3.8,2,2,0.428,21.6,105.2,29.9,18.6,0.716,110,159,66.16,NA,none,NA,Legislature and executive are locally elected,58.3,Approx 60%,Yes,6,Yes,Yes,single member,10,34.51536666,1-3 parties,1-3 parties,1,Not member,3,6,0.663200021,High,High,59.4,27,30,86.6,92.3,15,44.7,77.8,35,58.8,52.7,MidLow,31.8,0.023,Low,Low,Low,Low,Low,1112,1,NA,36.7,47.2,Low GDP,1768,No,nepal,Not member,NA,6,No,NA,Parliamentary democ,0,NA,898,1.7,30.9,95,21.6,NA,NA,83.32185364,5.9,33.2,33.2,33.2,1951,After 1944,0,100,Nepal
110,Netherlands,30.9,Full Democ,10,8.92,82.44,77.06,99,57190,17,67.4,15.6,1.66,0,Europe,Other,5.5,7.3,1.4,0.89,40.8,105.2,16.7,82.9,0.174,1,160,79.68,64.6,Spain,58.48101266,Legislature is elected but executive is appointed,100,100%,Yes,10,Yes,Yes,6 or more members,54,97.16312305,6-11 parties,6-11 parties,3,EU Member state,7,12,0.105400003,Low,Low,82.6,89,80,52,38.4,90,59.1,81,90,87.5,75,High,671.7,2.5886,High,High,High,High,High,40849,3,High,32.6,30.9,High GDP,1579,No,netherlands,OECD Member state,High post-mat,10,Yes,High,Parliamentary democ,1,21.79999924,106,87,NA,201,0.4,<20%,77.48,75.19999695,36.7,41.3,38.7,38.7,1919,1944 or before,1,100,Netherlands
111,New Zealand,36.2,Full Democ,4,9.26,82.67,78.61,99,61150,20.4,66.4,13.3,2.08,0,Australia/New Zealand/Oceania,Other Christian,6.2,7.1,1.1,0.907,36.6,105.8,4.3,86.2,0.32,25,163,80.59,25.5,UK,38.10596298,Legislature and executive are locally elected,58.3,Approx 60%,Yes,10,Yes,Yes,NA,123,93.14420871,6-11 parties,6-11 parties,3,Not member,7,12,0.396899998,Low,Medium,99.9,93,80,63.6,51.3,80,88.8,83.1,95,86,82.1,High,115.4,1.4872,High,High,High,High,High,27029,3,High,36.2,36.2,High GDP,1907,No,new zealand,OECD Member state,High post-mat,10,No,High,Parliamentary democ,1,23.20000076,64,71.4,NA,147,0.5,<20%,77.84,80.41553497,28.3,33.6,32.2,32.2,1893,1944 or before,1,100,New Zealand
112,Nicaragua,52.3,Hybrid,94,5.32,74.09,69.82,67.5,0,31.7,63.8,4.5,2.12,0,Latin America/Caribbean,Catholic,3.1,4.5,0.7,0.565,22,104.3,5.8,57.3,0.674,97,164,71.9,78,Spain,NA,Legislature and executive are locally elected,87.5,Approx 90%,Yes,9,Yes,Yes,>1 to 5 members,10,26.00472802,1-3 parties,1-3 parties,1,Not member,5,7,0.484400004,High,Medium,55.7,25,50,78.4,78.5,55,68.3,64.1,25,82.8,58.3,MidLow,15.2,0.0749,Low,Low,Low,Low,Low,2682,1,NA,55.1,43.1,Low GDP,1821,No,nicaragua,Not member,NA,9,Yes,NA,Presidential democ,0,23.39999962,270,3.3,45.8,144,12.4,NA,NA,75.80315399,20.7,18.5,40.2,40.2,1955,After 1944,0,100,Nicaragua
113,Niger,43.9,Hybrid,115,4.02,54.7,52.13,28.7,0,49.6,48,2.3,7.6,0.833,Africa,Muslim,3.7,2.8,NA,0.261,15,104.3,15.9,17.1,0.807,136,165,53.4,NA,France,NA,NA,40.8,Approx 40%,Yes,7,Yes,Yes,6 or more members,1,27.89598058,4-5 parties,4-5 parties,2,Not member,5,7,0.651799977,High,High,37.2,28,40,65.1,85.1,50,40.7,77.6,30,75.7,52.9,MidLow,10,0.019,Low,Low,Low,Low,Low,684,1,NA,50.5,50.5,Low GDP,1958,Yes,niger,Not member,NA,6,No,NA,NA,0,NA,1900,0.5,NA,5,1.5,NA,NA,41.47101974,12.4,12.4,13.3,13.3,1948,After 1944,0,100,Niger
114,Nigeria,42.9,Authoritarian,121,3.76,48.41,46.76,68,2211000,40.9,55.9,3.1,4.73,0.556,Africa,Muslim,NA,1.7,0.8,0.423,18.6,102.6,158.3,49.8,NA,NA,166,47.56,13.4,UK,59.35816953,No local elections,40.8,Approx 40%,Yes,4,Yes,Yes,single member,1,20.09456254,1-3 parties,1-3 parties,1,Not member,4,5,0.850499988,High,High,53.2,27,40,84.4,64.7,40,85.7,75.4,30,67.2,56.8,MidLow,315,0.0328,Low,Low,Low,Low,Low,2082,1,NA,50.6,43.7,Low GDP,1960,Yes,nigeria,Not member,Moderate post-mat,4,No,Moderate,Presidential democ,0,17.20000076,29878,15.9,NA,66,4.8,>50%,NA,27.7862606,4.7,7,6.7,6.7,1958,After 1944,0,100,Nigeria
115,Norway,25.8,Full Democ,1,9.93,83.02,77.53,100,2350000,18,66,16,1.77,0,Europe,Other Christian,6.7,7.5,1.3,0.938,38.9,105.4,4.9,79.4,0.234,5,170,80.2,47.7,none,66.45381101,Legislature and executive are locally elected,100,100%,Yes,10,Yes,Yes,6 or more members,54,90.07092277,6-11 parties,6-11 parties,3,Not member,7,12,0.058600001,Low,Low,88.8,79,60,50.5,49.8,65,47.1,74.2,90,89.2,69.4,High,277.3,4.1974,High,High,High,High,High,58138,3,High,25.8,25.8,High GDP,1905,No,norway,OECD Member state,Moderate post-mat,10,Yes,High,Parliamentary democ,1,51.70000076,228,82.5,NA,144,0.2,<20%,76.54,75.6831131,38.2,38.2,39.6,39.6,1907,1944 or before,1,100,Norway
116,Oman,NA,Authoritarian,139,3.15,76.16,72.38,81.4,816000,31.2,65.7,3.1,2.87,6.111,Asia,Muslim,4,1.9,7.7,NA,24.3,104.9,2.9,73,NA,NA,171,74.22,4.4,Portugal,NA,No local elections,10.5,10%,No,0,No,No,NA,43,62.8841607,NA,NA,NA,Not member,2.5,3,0.437299997,High,Medium,66.9,55,60,98.5,57.4,55,86.4,64.8,50,83.4,67.7,High,62,0.8002,High,High,NA,NA,NA,22478,3,NA,NA,NA,High GDP,1650,Yes,oman,Not member,NA,-8,No,NA,Dictatorship,0,NA,559,20,NA,16,0.1,NA,NA,NA,NA,NA,NA,1.2,NA,NA,0,0,Oman
117,Pakistan,31.2,Hybrid,108,4.64,67.9,64.18,49.9,59140,35.4,60.4,4.2,3.17,8.611,Asia,Muslim,2.9,0.8,2.6,0.49,21.3,105.8,184.8,35.9,0.721,112,172,65.99,49.9,UK,51.23872154,Legislature is elected but executive is appointed,58.3,Approx 60%,Yes,6,No,Yes,single member,1,34.75177305,NA,NA,NA,Not member,2.5,5,0.709800005,High,High,71.7,25,40,80.5,88.8,30,49.8,69.4,30,67,55.2,MidLow,439,0.0408,Low,Low,Low,Low,Low,2644,1,Low,33,30.6,Low GDP,1947,Yes,pakistan,Not member,Low post-mat,6,No,Low,Dictatorship,0,5.5,NA,11.1,NA,42,4.3,>50%,NA,39.78059387,NA,NA,22.5,22.5,1947,After 1944,0,0,Pakistan
118,Palestine,NA,Hybrid,106,4.72,NA,NA,NA,NA,NA,NA,NA,NA,2.5,Asia,Muslim,NA,NA,NA,NA,17.6,104.5,4.4,74.1,NA,NA,114,NA,NA,NA,NA,NA,NA,NA,NA,NA,NA,NA,NA,NA,NA,NA,NA,NA,NA,NA,NA,NA,NA,NA,NA,NA,NA,NA,NA,NA,NA,NA,NA,NA,NA,NA,NA,NA,NA,NA,NA,NA,NA,NA,NA,NA,NA,NA,NA,NA,Yes,NA,NA,NA,NA,NA,NA,NA,NA,NA,922,9,NA,160,14.6,NA,NA,NA,NA,NA,NA,NA,NA,NA,0,NA,Palestine
119,Panama,54.9,Part Democ,47,7.08,80.68,75.02,91.9,0,28.6,64.2,7.2,2.45,0.556,Latin America/Caribbean,Catholic,3.8,4.3,0,0.755,27.3,104.5,3.5,74.8,0.634,81,174,77.79,40,Spain,NA,Legislature is elected but executive is appointed,87.5,Approx 90%,Yes,9,Yes,Yes,>1 to 5 members,11,43.26241133,6-11 parties,6-11 parties,3,Not member,6.5,11,0.5528,High,Medium,75.9,34,70,82.6,90,65,41.3,73.2,40,75.8,64.8,MidHi,42.4,0.4182,High,High,High,Mid,High,12504,2,Medium,56.4,56.1,High GDP,1903,No,panama canal zone,Not member,NA,9,No,NA,Presidential democ,1,14.19999981,383,27.5,36.8,58,0.9,NA,79.66,70.14457703,16.7,8.5,8.5,8.5,1941,1944 or before,1,100,Panama
120,Papua New Guinea,50.9,Part Democ,75,6.03,68.56,64.02,57.3,35090,36.4,60,3.6,3.46,0,Australia/New Zealand/Oceania,Other Christian,NA,2.6,0.4,0.431,20,107.8,6.9,12.5,0.784,133,175,66.24,27.8,Other,NA,Legislature and executive are locally elected,58.3,Approx 60%,Yes,4,Yes,Yes,single member,25,28.13238838,6-11 parties,6-11 parties,3,Not member,5,7,0.271800011,Low,Medium,59.1,20,30,65,63.3,35,83.3,72.6,20,86.2,53.5,MidLow,14.2,0.0523,Low,Low,Low,Low,Low,2208,1,NA,50.9,50.9,Low GDP,1975,No,papua new guinea,Not member,NA,4,No,NA,Parliamentary democ,0,NA,167,1.8,NA,2,0.2,NA,NA,84.89698792,0.9,0.9,2.7,2.7,1964,After 1944,1,100,Papua New Guinea
121,Paraguay,53.2,Part Democ,71,6.26,78.93,73.59,94,30.96,28.5,65.4,6.1,2.11,2.222,Latin America/Caribbean,Catholic,4,2.4,0.8,0.64,23.1,103.9,6.5,61.5,0.643,85,176,76.19,22.8,Spain,NA,NA,87.5,Approx 90%,Yes,9,No,Yes,>1 to 5 members,8,16.07565102,NA,1-3 parties,1,Not member,5,8,0.168899998,Low,Low,60.9,24,60,96.6,91.7,65,26.1,75.4,30,83.5,61.3,MidHi,29.3,0.1,Low,Middle,Low,Mid,Low,4709,2,Low,56.8,58.4,Low GDP,1811,No,paraguay,Not member,NA,8,Yes,NA,Dictatorship,0,9.300000191,2136,14.3,NA,81,3.1,NA,49.86,49.40145493,NA,NA,12.5,12.5,1961,After 1944,1,0,Paraguay
122,Peru,50.5,Part Democ,63,6.54,74.48,70.55,92.9,157200,28.5,65.1,6.4,2.32,0,Latin America/Caribbean,Catholic,2.7,2.5,1.1,0.723,25.6,104.2,29.5,76.9,0.614,74,177,72.47,23.9,Spain,6.49494562,Legislature is elected but executive is appointed,87.5,Approx 90%,Yes,9,No,Yes,6 or more members,0,35.46099294,NA,6-11 parties,3,Not member,5.5,9,0.656599998,High,High,65.8,36,60,79.5,92.3,70,66.1,81.6,40,85,67.6,High,245.3,0.2113,High,Middle,High,Mid,High,8507,2,Medium,49.8,52,High GDP,1821,No,peru,Not member,Moderate post-mat,9,Yes,Low,Dictatorship,0,7.5,791,24.7,51.6,85,1.9,>50%,84.09,62.49277115,NA,NA,21.5,21.5,1955,After 1944,1,0,Peru
123,Philippines,44,Part Democ,53,6.77,74.74,68.72,92.6,9671,34.6,61.1,4.3,3.19,0,Asia,Catholic,2.6,1.3,0.8,0.638,23.2,105,93.6,48.9,0.623,78,178,71.66,56.5,Spain,63.30524009,Legislature and executive are locally elected,58.3,Approx 60%,Yes,8,Yes,Yes,single member,13,45.15366433,4-5 parties,4-5 parties,2,Not member,5.5,7,0.238499999,Low,Low,48.1,23,50,78.8,91.2,40,51.9,72.7,30,77.8,56.3,MidLow,317.1,0.0975,Low,Middle,Low,Low,Low,3510,1,Medium,46.1,44.5,Low GDP,1946,No,philippines,Not member,Moderate post-mat,8,No,Low,Presidential democ,0,22.79999924,265,6.2,NA,206,11.2,>50%,NA,67.28295898,15.3,20.5,22.9,22.9,1937,1944 or before,1,100,Philippines
124,Poland,34.9,Part Democ,40,7.47,80.25,72.1,99.8,34140,14.7,71.6,13.7,1.3,0,Europe,Catholic,4.9,4.6,2,0.795,38.2,105.7,38,61,0.325,26,180,76.05,53.6,Soviet Union,65.60574135,Legislature and executive are locally elected,63,Approx 60%,Yes,10,Yes,Yes,6 or more members,9,60.99290814,4-5 parties,4-5 parties,2,EU Member state,7,12,0.118299998,Low,Low,62.2,46,60,74.9,46.8,60,61.5,78.1,55,87.5,63.2,MidHi,671.9,0.4894,High,High,High,High,High,17625,3,Medium,31.6,34.5,High GDP,1991,No,poland,OECD Member state,Moderate post-mat,10,Yes,Low,NA,1,27,567,49,14.8,274,2,20-50%,54.24,56.75255585,20.2,20.2,23.7,23.7,1918,1944 or before,1,100,Poland
125,Portugal,38.5,Part Democ,33,7.79,82.01,75.28,93.3,4721,16.2,65.8,18,1.5,0,Europe,Catholic,5.3,7.1,2,0.795,41,106,10.7,60.7,0.31,21,181,78.54,83.2,Portugal,37.36488199,Legislature and executive are locally elected,100,100%,Yes,10,Yes,Yes,6 or more members,24,70.92198514,4-5 parties,4-5 parties,2,EU Member state,7,12,0.046799999,Low,Low,80.5,61,60,61,37.1,70,37,79.7,70,87.5,64.4,MidHi,245.1,1.1948,High,High,High,High,High,23074,3,High,38.5,38.5,High GDP,1143,No,portugal,OECD Member state,Moderate post-mat,10,Yes,Moderate,NA,1,18.79999924,168,42.1,NA,382,1.7,20-50%,69.23,75.97377014,19.5,19.5,28.7,28.7,1931,1944 or before,1,100,Portugal
126,Qatar,41.1,Authoritarian,136,3.18,77.53,73.96,89,1213000,21.8,76.7,1.5,2.43,5.278,Asia,Muslim,3.3,2.9,NA,0.803,30.1,105.4,1.5,95.8,0.671,94,183,75.7,10.3,UK,NA,Legislature is elected but executive is appointed,10.5,10%,No,0,No,No,NA,29,62.8841607,NA,NA,NA,Not member,2.5,3,0.745599985,High,High,73.7,65,50,99.9,73.7,45,69.1,65.9,65,82.2,69,High,94.2,2.8634,High,High,NA,NA,NA,85868,3,NA,NA,NA,High GDP,1971,Yes,qatar,Not member,NA,-10,No,NA,Dictatorship,0,NA,1353,34,NA,NA,NA,NA,NA,NA,NA,NA,NA,0,NA,NA,0,0,Qatar
127,Romania,32.1,Part Democ,57,6.68,77.66,70.5,97.3,117000,14.8,70.4,14.8,1.29,5.278,Europe,Orthodox Christian,4.4,3.8,1.5,0.767,38.5,105.9,21.2,57.5,0.478,49,185,73.98,34.8,Soviet Union,26.88468267,Legislature and executive are locally elected,63,Approx 60%,Yes,9,Yes,Yes,6 or more members,4,38.77068527,6-11 parties,6-11 parties,3,Not member,5.5,10,0.306899995,Low,Medium,72.5,38,50,85.8,59.8,75,60.4,73.3,40,87.5,64.2,MidHi,302.6,0.2052,High,Middle,High,High,High,14065,3,Low,30.3,31,High GDP,1991,No,romania,Not member,Moderate post-mat,9,Yes,Low,NA,1,40.70000076,679,28.8,28.9,436,4.7,20-50%,62.26,77.67498016,11.4,11.4,13.3,13.3,1929,1944 or before,1,100,Romania
128,Russia,43.7,Authoritarian,132,3.39,73.17,59.8,99.4,10120000,15.2,71.8,13,1.42,3.889,Europe,Orthodox Christian,3.9,3.5,3.5,0.719,38.1,105.5,140.4,73.2,0.442,41,186,66.29,9.5,Soviet Union,41.14535378,NA,63,Approx 60%,No,5,Yes,No,NA,0,37.1158391,6-11 parties,NA,3,Not member,2.5,3,0.245199993,Low,Low,52.2,21,40,82.3,66.5,25,59.6,62.6,25,68.4,50.3,Low,2300,0.2405,High,Middle,High,High,High,16139,3,Low,45.6,39.9,High GDP,1991,No,russian federation,Not member,Low post-mat,4,No,Moderate,NA,1,74.80000305,1450,31.9,19.6,43,0.4,<20%,NA,63.2844162,9.8,14,NA,13.6,1918,1944 or before,0,100,Russia
129,Rwanda,46.7,Authoritarian,135,3.25,59.52,56.57,70.4,0,42.9,54.7,2.4,4.9,5.556,Africa,Catholic,4.1,4.9,1.5,0.385,18.7,98.9,10.3,18.9,0.638,83,187,58.02,NA,Belgium,NA,Legislature is elected but executive is appointed,40.8,Approx 40%,No,0,No,No,single member,6,27.1867614,NA,NA,NA,Not member,2.5,3,0.323799998,Low,Medium,74.5,30,40,77.1,75.6,40,89.2,66.9,30,67.4,59.1,MidLow,9.9,0.0212,Low,Low,Low,Low,Low,1022,1,NA,28.9,46.8,Low GDP,1962,No,rwanda,Not member,NA,-4,Yes,NA,Dictatorship,0,NA,5900,3.1,56.9,7,1.5,NA,NA,NA,NA,NA,NA,56.3,1961,After 1944,0,0,Rwanda
130,Saudi Arabia,NA,Authoritarian,161,1.82,76.16,72.15,78.8,9764000,29.4,67.6,3,2.31,9.444,Asia,Muslim,5.7,2.7,8.2,0.752,24.6,102.1,26.2,82.1,0.76,128,196,74.11,16.7,UK,NA,No local elections,10.5,10%,No,0,No,No,NA,74,45.3900709,NA,NA,NA,Not member,1,1,0.180000007,Low,Low,84.6,35,50,99.6,68.1,45,74.4,62.3,40,82.5,64.1,MidHi,589.5,0.8612,High,High,High,High,High,23920,3,Low,NA,NA,High GDP,1932,Yes,saudi arabia,Not member,NA,-10,No,NA,Dictatorship,0,NA,1612,31.5,NA,9,0,NA,NA,NA,NA,NA,NA,19.9,NA,NA,0,0,Saudi Arabia
131,Senegal,39.2,Part Democ,74,6.15,61.77,57.85,39.3,0,43.3,53.9,2.9,4.78,0,Africa,Muslim,5.1,3.2,1.6,0.411,18,102.3,12.9,42.4,0.727,113,197,59.78,32.1,France,NA,No local elections,40.8,Approx 40%,Yes,7,Yes,Yes,>1 to 5 members,0,42.3167847,1-3 parties,1-3 parties,1,Not member,5.5,8,0.693899989,High,High,63.1,34,40,64.7,77.8,35,41.9,75.2,45,69.7,54.6,MidLow,21.6,0.0503,Low,Low,Low,Low,Low,1772,1,NA,41.3,41.3,Low GDP,1960,Yes,senegal,Not member,NA,7,No,NA,NA,0,21.89999962,2450,8.4,NA,105,9.7,NA,27.59,24.19211769,19.2,22,42.7,42.7,1945,After 1944,1,100,Senegal
132,Serbia,28.2,Part Democ,56,6.71,77.34,71.49,96.4,11400,15.1,68.5,16.5,1.4,6.111,Europe,Orthodox Christian,4.5,6.1,2.4,0.735,37.6,107.8,9.9,56.1,NA,NA,248,74.32,41.5,NA,NA,NA,NA,NA,Yes,9,NA,Yes,NA,NA,NA,NA,NA,NA,NA,NA,NA,NA,NA,NA,NA,NA,NA,NA,NA,NA,NA,NA,NA,NA,NA,NA,NA,NA,NA,NA,High,Mid,High,NA,NA,NA,NA,NA,NA,NA,No,NA,NA,NA,8,NA,NA,NA,NA,NA,NA,44.9,NA,753,11.1,NA,NA,NA,NA,NA,NA,NA,NA,NA,1,NA,Serbia
133,Sierra Leone,42.5,Hybrid,109,4.56,58.65,53.69,35.1,28.98,41.8,54.5,3.7,4.94,0,Africa,Muslim,3.8,1.4,2.4,0.317,18.2,100.7,5.8,38.4,0.756,125,200,56.13,NA,UK,NA,No local elections,40.8,Approx 40%,Yes,8,Yes,Yes,NA,0,10.16548554,6-11 parties,6-11 parties,3,Not member,4.5,8,0.819100022,High,High,54.6,19,20,80.9,80.5,40,39,71.7,10,62.8,47.9,Low,4.3,0.015,Low,Low,Low,Low,Low,766,1,NA,62.9,62.9,Low GDP,1961,Yes,sierra leone,Not member,NA,7,Yes,NA,Presidential democ,0,NA,178,0.3,70.2,27,7.7,NA,68.98,38.18625259,14.5,13.2,12.4,12.4,1961,After 1944,0,100,Sierra Leone
134,Singapore,42.5,Part Democ,75,6.03,84.96,79.53,92.5,10910,13.8,77,9.2,1.11,7.222,Asia,Buddhist,2.8,1,4.1,0.846,40.6,107.3,4.8,100,0.255,10,201,82.14,102.4,Other,NA,No local elections,58.3,Approx 60%,No,2,No,No,>1 to 5 members,35,99.99999977,NA,NA,1,Not member,3.5,5,0.385699987,Low,Medium,98.2,92,50,90.7,95.3,75,98.9,80.9,90,90,86.1,High,238.5,2.0886,High,High,High,High,High,49284,3,High,42.5,42.5,High GDP,1965,No,singapore,Not member,NA,-2,No,NA,Dictatorship,0,13.5,148,69.6,NA,NA,NA,NA,NA,54.18393326,NA,NA,NA,24.2,1947,After 1944,1,0,Singapore
135,Slovakia,25.8,Part Democ,45,7.35,79.93,71.92,99.6,4114,15.6,71.6,12.8,1.37,0.556,Europe,Catholic,3.6,5.2,1.5,0.818,37.2,105.5,5.4,55,0.352,31,202,75.83,41,Soviet Union,25.26916921,Legislature and executive are locally elected,63,Approx 60%,Yes,NA,Yes,Yes,6 or more members,7,56.02836894,6-11 parties,6-11 parties,3,EU Member state,7,12,0.253899992,Low,Low,72.6,50,70,84,64.5,70,65.1,78.2,55,87.5,69.7,High,119.4,0.4403,High,High,High,High,High,22081,3,High,25.8,25.8,High GDP,1991,No,slovakia,OECD Member state,Low post-mat,NA,Yes,Moderate,Parliamentary democ,1,52.29999924,604,66,16.8,365,2,20-50%,56.4,84.25341034,16.7,19.3,18.7,18.7,1920,1944 or before,1,100,Slovakia
136,Slovenia,31.2,Part Democ,37,7.57,81.2,73.64,NA,5,13.4,69.8,16.8,1.3,0,Europe,Catholic,5.2,5.6,1.5,0.828,41.7,105.3,2,49.5,0.293,17,203,77.3,35.5,Soviet Union,39.85595668,NA,63,Approx 60%,Yes,10,Yes,Yes,NA,9,65.95744664,NA,NA,NA,EU Member state,7,12,0.221599996,Low,Low,83.3,67,50,64,46.1,70,43.5,76,60,87.5,64.7,MidHi,56.3,1.1181,High,High,High,High,High,27605,3,Medium,28.4,28.4,High GDP,1991,No,slovenia,Not member,Moderate post-mat,10,Yes,Low,Parliamentary democ,1,NA,275,55.7,NA,170,0.6,<20%,65.04,76.1039505,12.2,13.3,32.2,32.2,1945,After 1944,1,100,Slovenia
137,South Africa,57.8,Part Democ,30,7.82,48.39,50.24,86.4,191000,28.5,65.8,5.7,2.3,0,Africa,Other Christian,5.1,3.6,1.3,0.597,24.9,101.6,50.5,61.7,0.635,82,207,49.33,33.2,UK,66.40086872,Legislature and executive are locally elected,40.8,Approx 40%,No,9,Yes,No,NA,6,58.86524778,4-5 parties,NA,2,Not member,6.5,10,0.751699984,High,High,73,49,60,69.1,76.8,45,59,70.2,50,76,62.8,MidHi,492.2,0.2299,High,Middle,High,Mid,High,10109,2,NA,59.3,57.8,High GDP,1910,No,south africa,Not member,Low post-mat,9,Yes,Moderate,Parliamentary democ,1,21.79999924,75,8.6,22,17,0.3,>50%,56.77,85.53007507,32.8,44.5,NA,42.3,1930,1944 or before,1,100,South Africa
138,Spain,34.7,Full Democ,22,8.05,84.37,78.16,97.9,27230,15.1,67.7,17.1,1.47,0.833,Europe,Catholic,4.4,6.1,1.2,0.863,40.2,106.4,45.3,77.4,0.28,14,208,81.17,63.4,Spain,42.2742583,Legislature and executive are locally elected,100,100%,Yes,10,Yes,Yes,6 or more members,22,82.74231611,1-3 parties,1-3 parties,1,EU Member state,7,12,0.416500002,Low,Medium,75.8,65,80,58.1,54.8,80,47.3,77.7,70,87.5,69.6,High,1500,1.5961,High,High,High,High,High,31954,3,High,32.5,34.7,High GDP,1492,No,spain,OECD Member state,High post-mat,10,Yes,Moderate,Parliamentary democ,1,11.39999962,349,55.4,NA,258,0.7,20-50%,77.2,78.99748993,36,36.3,36,36,1931,1944 or before,1,100,Spain
139,Sri Lanka,41.1,Hybrid,87,5.69,79.38,72.21,90.7,0,24.9,67.2,7.9,2.2,6.944,Asia,Buddhist,NA,2,3.6,0.658,30.6,103.7,20.4,14.3,0.599,72,210,75.73,86.7,UK,NA,Legislature and executive are locally elected,58.3,Approx 60%,Yes,5,Yes,Yes,6 or more members,52,47.28132386,1-3 parties,1-3 parties,1,Not member,5,6,0.414999992,Low,Medium,71.8,32,40,73.5,83.9,15,70.7,56.8,40,62.2,54.6,MidLow,91.9,0.0873,Low,Middle,Low,Mid,Low,4560,2,Low,34.4,40.2,Low GDP,1948,No,sri lanka,Not member,NA,4,Yes,NA,NA,0,NA,850,5.8,22.7,146,7.3,NA,NA,71.31608582,4.9,5.8,5.8,5.8,1931,1944 or before,0,100,Sri Lanka
140,Sudan,35.3,Authoritarian,153,2.54,56.71,54.18,61.1,486700,42.1,55.2,2.7,4.84,6.944,Africa,Muslim,NA,1.3,NA,0.379,20.3,104.1,43.2,40.1,0.708,106,211,55.42,94.2,UK,NA,NA,40.8,Approx 40%,No,1,No,No,single member,11,20.33096893,NA,NA,NA,Not member,1,0,0.714699984,High,High,NA,NA,NA,NA,NA,NA,NA,NA,NA,NA,NA,NA,89,0.0412,Low,Low,Low,Low,Low,2153,1,NA,NA,NA,Low GDP,1956,Yes,sudan,Not member,NA,-2,No,NA,Dictatorship,0,NA,46567,10.2,NA,75,5.5,NA,NA,36.22303009,NA,NA,NA,24.6,1964,After 1944,0,0,Sudan
141,Suriname,52.8,Part Democ,53,6.77,77.16,71.47,89.6,15190,26.4,67.3,6.3,1.95,0,Latin America/Caribbean,Other Christian,NA,3.6,NA,0.646,27.6,107.2,0.5,69.4,NA,NA,212,74.22,NA,Netherlands,NA,NA,87.5,Approx 90%,Yes,6,Yes,Yes,NA,NA,42.78959819,6-11 parties,6-11 parties,3,Not member,6.5,10,0.733200014,High,High,41,36,30,66.9,77.8,15,84.5,67.8,40,66.4,52.5,MidLow,3.9,0.2199,High,Middle,High,Mid,High,7506,2,NA,NA,NA,High GDP,1975,No,suriname,Not member,NA,5,Yes,NA,Presidential democ,1,NA,327,9.7,NA,4,0.1,NA,52.99,69.49550629,19.6,25.5,11.8,11.8,1948,After 1944,1,100,Suriname
142,Swaziland,50.7,Authoritarian,140,3.09,48.39,48.93,81.6,0,37.8,58.6,3.6,3.11,0,Africa,Other Christian,7.9,3.8,NA,0.498,19.3,101.2,1.2,21.4,0.668,93,214,48.66,NA,UK,NA,NA,40.8,Approx 40%,No,0,No,No,single member,27,36.17021282,NA,NA,NA,Not member,2,2,0.058200002,Low,Low,67.2,36,40,63.1,55.5,55,68.4,68.8,45,74.9,57.4,MidLow,5.8,0.1091,Low,Middle,Low,Mid,Low,4928,2,Medium,60.9,50.4,Low GDP,1968,No,swaziland,Not member,NA,-9,No,NA,Dictatorship,0,19.10000038,700,6.9,69.2,86,3.5,NA,NA,NA,NA,NA,NA,13.6,1968,After 1944,0,0,Swaziland
143,Sweden,25,Full Democ,2,9.73,83.51,78.78,99,4833,15.4,64.8,19.7,1.67,0,Europe,Other Christian,6.7,7.4,1.3,0.885,40.9,105.7,9.3,84.7,0.212,3,215,81.07,40.8,none,56.53510974,Legislature and executive are locally elected,100,100%,Yes,10,Yes,Yes,6 or more members,83,90.07092277,6-11 parties,6-11 parties,3,EU Member state,7,12,0.059999999,Low,Low,95.5,93,80,36.7,17.3,85,54.9,79.5,95,87.5,72.4,High,344.7,2.6929,High,High,High,High,High,37383,3,High,25,25,High GDP,1523,No,sweden,OECD Member state,High post-mat,10,Yes,High,Parliamentary democ,1,77.19999695,100,87.7,NA,89,0.2,<20%,80.6,83.18289185,45.3,47,44.7,44.7,1921,1944 or before,1,100,Sweden
144,Switzerland,33.7,Full Democ,6,9.09,84.05,78.24,99,3488,15.2,67.8,17,1.46,1.667,Europe,Catholic,5.3,6.4,0.9,0.874,41.9,105.1,7.6,73.6,0.228,4,216,81.07,38.2,none,56.55399453,Legislature and executive are locally elected,100,100%,Yes,10,Yes,Yes,>1 to 5 members,152,99.99999977,6-11 parties,6-11 parties,3,Not member,7,12,0.531400025,High,Medium,81.2,90,80,68.2,68.9,80,81.8,81.3,90,90,81.1,High,324.6,3.6687,High,High,High,High,High,42536,3,High,33.1,33.7,High GDP,1291,No,switzerland,OECD Member state,High post-mat,10,Yes,High,Presidential democ,1,20,66,75.9,NA,288,0.4,<20%,39.79,37.66183853,25,28.5,29,29,1971,After 1944,1,100,Switzerland
145,Syria,35.8,Authoritarian,163,1.74,77.21,72.31,79.6,400400,35.2,61,3.8,2.94,6.389,Asia,Muslim,4.9,1.6,3.4,0.589,22.5,104.5,22.5,55.7,0.687,103,217,74.69,29.8,France,NA,NA,10.5,10%,No,0,No,No,single member,37,33.09692688,NA,NA,1,Not member,1,1,0.539900005,High,Medium,59.2,21,20,87,80.2,20,64.7,63.3,25,54,49.4,Low,94.2,0.1224,Low,Middle,Low,Mid,Low,4440,2,NA,NA,NA,Low GDP,1946,Yes,syrian arab republic,Not member,NA,-7,No,NA,Dictatorship,0,NA,12156,17.3,NA,41,1.5,NA,NA,58.00120544,NA,NA,NA,12,1949,After 1944,0,0,Syria
146,Taiwan,34.2,Part Democ,35,7.65,81.36,75.5,96.1,276800,15.6,73.4,10.9,1.15,0,Asia,Other,NA,NA,NA,NA,NA,NA,NA,NA,NA,NA,50,78.32,33.9,Other,49.19781982,NA,58.3,Approx 60%,NA,10,Yes,NA,NA,8,70.21276596,1-3 parties,NA,1,Not member,6.5,11,0.274399996,Low,Medium,83,57,50,75.9,90.5,65,47.7,79.3,70,85.8,70.4,High,711,NA,NA,NA,NA,NA,NA,30881,3,NA,NA,NA,NA,1991,No,taiwan,Not member,Low post-mat,10,No,Low,NA,NA,27.89999962,NA,NA,NA,NA,NA,<20%,56.8,72.47547913,NA,NA,NA,NA,NA,NA,1,100,Taiwan
147,Tajikistan,33.6,Authoritarian,156,2.37,69.25,62.97,99.5,221,33.9,62.7,3.4,2.89,7.778,Asia,Muslim,3.5,1.1,NA,0.58,20.7,104.2,7.1,26.3,0.568,65,218,66.03,NA,Soviet Union,NA,Legislature is elected but executive is appointed,63,Approx 60%,No,1,No,No,single member,2,17.49408938,NA,NA,1,Not member,2.5,3,0.510699987,High,Medium,57.4,20,40,88.9,78,25,54.4,58.4,25,82.5,53,MidLow,13,0.0193,Low,Low,Low,Low,Low,1906,1,NA,34.7,32.6,Low GDP,1964,Yes,tajikistan,Not member,NA,-3,No,NA,Dictatorship,0,NA,19900,8.8,53.5,372,49.6,NA,NA,75.68360901,NA,NA,NA,19,1924,1944 or before,0,0,Tajikistan
148,Tanzania,34.6,Hybrid,86,5.77,54.42,51.34,69.4,0,42,55.1,2.9,4.16,1.667,Africa,Other Christian,6.8,3.5,1.1,0.398,17.5,101.9,45,26.4,NA,NA,219,52.85,23.3,UK,78.85262266,NA,40.8,Approx 40%,No,2,No,No,single member,0,34.51536666,NA,NA,1,Not member,4.5,7,0.735300004,High,High,45.5,30,50,80.3,82.6,65,58.4,70.8,30,70.5,58.3,MidLow,53.7,0.0267,Low,Low,Low,Low,Low,1263,1,NA,38.2,34.6,Low GDP,1238,No,tanzania,Not member,NA,-1,No,NA,Dictatorship,0,17.39999962,1200,1.2,35.7,0,0.1,>50%,NA,47.97369003,NA,NA,NA,NA,1959,After 1944,0,0,Tanzania
149,Thailand,42.5,Hybrid,93,5.39,76.08,71.24,92.6,380000,19.9,70.9,9.2,1.66,3.056,Asia,Buddhist,4.9,2.7,1.5,0.654,33.2,104.6,68.1,34,0.586,69,220,73.6,42.3,none,NA,Legislature and executive are locally elected,58.3,Approx 60%,Yes,7,Yes,Yes,>1 to 5 members,8,53.19148939,6-11 parties,6-11 parties,3,Not member,5.5,5,0.63380003,High,High,70.7,35,70,74.7,89.8,40,73.6,66.4,45,75.9,64.1,MidHi,519,0.206,High,Middle,Low,Mid,Low,7703,2,Low,43.2,42,High GDP,1960,No,thailand,Not member,NA,7,No,NA,Parliamentary democ,1,3.099999905,600,23.9,NA,28,0.7,NA,NA,57.95606232,7.2,11.7,15.8,15.8,1932,1944 or before,0,100,Thailand
150,Timor-Leste,31.9,Part Democ,46,7.24,70.47,65.54,58.6,96270,33.8,62.5,3.6,3.13,0.833,Asia,Catholic,7.1,11.5,4.7,0.502,17.4,104.7,1.2,28.1,NA,NA,71,67.95,NA,NA,NA,No local elections,NA,NA,Yes,NA,NA,Yes,NA,NA,NA,NA,NA,NA,NA,NA,NA,NA,NA,NA,NA,NA,NA,NA,NA,NA,NA,NA,NA,NA,NA,NA,NA,NA,NA,NA,Low,Low,Low,NA,NA,NA,NA,NA,NA,NA,No,NA,NA,NA,NA,NA,NA,NA,NA,NA,NA,NA,39.7,NA,NA,NA,NA,NA,NA,NA,38.5,38.5,NA,NA,1,NA,Timor-Leste
151,Togo,34.4,Authoritarian,129,3.45,65.3,60.19,60.9,0,40.9,56,3.1,4.69,0,Africa,Other,3.7,1.5,1.9,0.428,19.8,100.6,6.8,43.4,0.731,115,221,62.71,NA,France,NA,Legislature and executive are locally elected,40.8,Approx 40%,No,1,No,No,single member,7,18.91253057,NA,NA,1,Not member,2.5,4,0.709900022,High,High,36.8,27,30,56.2,86,25,43.3,74.5,30,62.8,47.1,Low,5.4,0.0291,Low,Low,Low,Low,Low,829,1,NA,NA,NA,Low GDP,1970,No,togo,Not member,NA,-2,No,NA,Dictatorship,0,NA,250,5.4,NA,44,9.8,NA,NA,70.49268341,NA,NA,NA,11.1,1945,After 1944,0,0,Togo
152,Trinidad and Tobago,40.3,Part Democ,48,6.99,74.3,68.51,98.6,151600,19.5,72.1,8.4,1.72,0.833,Latin America/Caribbean,Catholic,4.2,2.7,NA,0.736,30.8,103.1,1.3,13.9,0.473,48,224,71.37,26.4,NA,NA,NA,NA,NA,Yes,NA,NA,Yes,NA,NA,NA,NA,NA,NA,NA,NA,NA,NA,NA,NA,NA,NA,NA,NA,NA,NA,NA,NA,NA,NA,NA,NA,NA,NA,NA,NA,High,High,High,NA,NA,NA,NA,NA,NA,NA,No,NA,NA,NA,NA,NA,NA,NA,NA,NA,127,17,NA,82,0.5,NA,NA,NA,NA,NA,NA,NA,NA,NA,1,NA,Trinidad and Tobago
153,Tunisia,40.8,Part Democ,70,6.31,77.17,73,74.3,91380,23.2,69.3,7.5,2.03,8.611,Africa,Muslim,7.2,3,1.3,0.683,29.1,106.7,10.4,67.3,0.515,56,225,75.01,49.5,France,NA,Legislature and executive are locally elected,10.5,10%,No,NA,No,No,>1 to 5 members,13,61.93853372,NA,NA,2,Not member,2.5,2,0.0394,Low,Low,80.2,44,30,74.4,78.5,35,67.4,76.5,50,53.5,58.9,MidLow,82.6,0.2149,High,Middle,Low,Mid,Low,7996,2,NA,39.8,39.8,High GDP,1923,Yes,tunisia,Not member,NA,NA,No,NA,Dictatorship,0,9.800000191,973,27.1,NA,191,4.9,NA,NA,61.82845306,NA,NA,NA,26.7,1957,After 1944,1,0,Tunisia
154,Turkey,41.2,Hybrid,98,5.12,74.49,70.61,87.4,52980,26.6,67.1,6.3,2.15,4.444,Asia,Muslim,2.9,3.4,2.2,0.679,28.3,104.1,75.7,69.7,0.621,77,226,72.5,48.1,Ottoman,57.07057443,Legislature and executive are locally elected,10.5,10%,Yes,9,Yes,Yes,6 or more members,17,41.84397156,4-5 parties,4-5 parties,2,Not member,5,8,0.319999993,Low,Medium,68.9,46,50,78.1,82.9,65,41.1,70,50,86.4,63.8,MidHi,1000,0.2638,High,Middle,High,High,High,13920,2,Low,40,43.6,High GDP,1991,Yes,turkey,OECD Member state,Moderate post-mat,9,Yes,Low,Parliamentary democ,1,22,916,34.4,27,18,0.2,>50%,73.99,79.4214859,4.4,9.1,14.2,14.2,1930,1944 or before,0,100,Turkey
155,Turkmenistan,40.8,Authoritarian,160,1.83,71.63,65.57,98.8,197700,27.5,68.4,4.1,2.16,8.611,Asia,Muslim,NA,1.4,NA,0.669,24.7,103.2,5.2,49.5,NA,NA,227,68.52,NA,Soviet Union,NA,No local elections,63,Approx 60%,No,0,No,No,single member,9,11.82033029,NA,NA,NA,Not member,1,0,0.391799986,Low,Medium,30,18,10,90.2,94.7,NA,30,62.8,10,79.2,42.5,Low,33.4,0.1601,Low,Middle,Low,Mid,Low,6641,2,NA,40.8,40.8,Low GDP,1978,Yes,turkmenistan,Not member,NA,-9,No,NA,Dictatorship,0,NA,1150,1.5,NA,NA,NA,NA,NA,NA,NA,NA,NA,16.8,1927,1944 or before,0,0,Turkmenistan
156,Uganda,42.6,Hybrid,96,5.22,54.33,52.17,66.8,0,49.9,48.1,2.1,6.69,3.889,Africa,Catholic,3.8,1.6,2.3,0.422,15.6,101.7,33.8,13.3,0.715,109,230,53.24,20.4,UK,70.74731685,NA,40.8,Approx 40%,No,1,No,No,single member,7,36.87943271,NA,NA,NA,Not member,3.5,5,0.930199981,High,High,57,26,60,80.5,85.5,45,88.1,78.1,30,72.1,62.2,MidHi,36.9,0.0236,Low,Low,Low,Low,Low,1165,1,NA,43,45.7,Low GDP,1991,No,uganda,Not member,NA,-1,No,NA,Dictatorship,0,3.900000095,6150,7.9,31.1,23,5.1,>50%,NA,56.66106796,NA,NA,NA,35,1962,After 1944,0,0,Uganda
157,Ukraine,27.6,Hybrid,92,5.42,74.75,62.79,99.4,99930,13.7,70.8,15.5,1.28,2.222,Europe,Orthodox Christian,5.3,4,2.7,0.71,39.5,105.5,45.4,68.8,0.463,44,231,68.58,38.4,Soviet Union,36.02262716,NA,63,Approx 60%,Yes,6,Yes,Yes,NA,9,29.07801396,6-11 parties,6-11 parties,3,Not member,4.5,9,0.473699987,High,Medium,38.7,25,30,77.9,41.1,20,57.7,61.2,30,82.6,46.4,Low,336.4,0.0851,Low,Middle,Low,Mid,Low,7271,2,Low,29,28.1,Low GDP,1971,No,ukraine,Not member,Low post-mat,6,No,Low,NA,0,NA,1294,10.5,19.5,125,3.2,<20%,62.73,66.60070038,5.3,8.2,9.4,9.4,1919,1944 or before,0,100,Ukraine
158,United Arab Emirates,NA,Authoritarian,152,2.64,79.22,73.94,77.9,2798000,20.4,78.7,0.9,2.4,5.556,Asia,Muslim,0.9,1.9,NA,0.815,31.7,105.3,4.7,84.1,0.464,45,232,76.51,44.6,NA,NA,No local elections,NA,NA,No,NA,NA,No,NA,NA,NA,NA,NA,NA,NA,NA,NA,NA,NA,NA,NA,NA,NA,NA,NA,NA,NA,NA,NA,NA,NA,NA,NA,NA,NA,NA,NA,NA,NA,NA,NA,NA,NA,NA,NA,NA,Yes,NA,NA,NA,NA,NA,NA,NA,NA,NA,282,65.2,NA,NA,NA,NA,NA,NA,NA,NA,NA,NA,NA,NA,0,NA,United Arab Emirates
159,United Kingdom,36,Full Democ,16,8.31,82.25,77.95,NA,1502000,17.3,66.2,16.5,1.91,2.222,Europe,Other Christian,5.6,6.9,2.5,0.849,39.9,105,61.9,79.6,0.355,32,233,80.05,76.5,UK,56.46776002,Legislature and executive are locally elected,100,100%,Yes,10,Yes,Yes,single member,120,94.56264708,1-3 parties,1-3 parties,1,EU Member state,7,12,0.121100001,Low,Low,94.9,77,80,61.8,41.9,90,72.8,73.7,85,87.5,76.5,High,2200,2.6444,High,High,High,High,High,35445,3,High,36,36,High GDP,1066,No,britain,OECD Member state,High post-mat,10,No,High,Parliamentary democ,1,26.20000076,195,76,NA,128,0.3,<20%,58.32,72.37265778,18.1,19.5,22.5,22.5,1918,1944 or before,1,100,United Kingdom
160,United States,40.8,Full Democ,19,8.11,80.93,75.92,99,9056000,20.1,66.8,13.1,2.06,NA,USA/Canada,NA,5.5,7.1,4.3,0.902,36.6,105.1,317.6,82.3,0.4,37,234,78.37,58.9,UK,61.78520781,Legislature and executive are locally elected,100,100%,Yes,10,Yes,Yes,single member,191,86.76123044,1-3 parties,1-3 parties,1,Not member,7,12,0.490099996,High,Medium,91.3,73,70,67.5,58,75,94.8,78.1,85,86.9,78,High,14200,3.6006,High,High,High,High,High,46716,3,High,40.8,40.8,High GDP,1776,No,united states,OECD Member state,Moderate post-mat,10,No,High,Presidential democ,1,12.69999981,87,75.9,NA,10,0,>50%,37.32,46.97414398,15,16.8,17.8,17.8,1920,1944 or before,1,100,United States
161,Uruguay,47.1,Full Democ,17,8.17,79.46,73.07,98,40110,22.2,64.1,13.7,1.89,0,Latin America/Caribbean,Catholic,2.8,5.9,1.3,0.765,33.7,104.7,3.4,92.5,0.508,54,235,76.21,56,Other,43.41772152,NA,87.5,Approx 90%,Yes,10,Yes,Yes,>1 to 5 members,15,58.62884138,4-5 parties,4-5 parties,2,Not member,7,12,0.250400007,Low,Low,63.1,69,30,81.7,72.6,75,76.2,72.3,75,82.8,69.8,High,42.5,0.3609,High,Middle,High,High,High,12734,2,Medium,44.6,44.9,High GDP,1991,No,uruguay,Not member,High post-mat,10,Yes,Moderate,Presidential democ,1,11.60000038,282,40.2,NA,32,0.3,20-50%,93.14,91.87390137,12.1,12.1,12.1,12.1,1932,1944 or before,1,100,Uruguay
162,Uzbekistan,36.7,Authoritarian,154,2.45,75.51,69.48,99.3,70910,26.5,68.8,4.7,1.89,8.611,Asia,Muslim,NA,2.3,NA,0.617,24.5,103.9,27.8,36.3,NA,NA,236,72.51,9,Soviet Union,NA,Legislature is elected but executive is appointed,63,Approx 60%,No,0,No,No,single member,9,20.56737532,NA,NA,2,Not member,1.5,0,0.412499994,Low,Medium,67.8,18,10,88.4,72.6,10,61.1,62.4,20,65.1,47.5,Low,72.5,0.0314,Low,Low,Low,Low,Low,2656,1,NA,26.8,36.8,Low GDP,1980,Yes,uzbekistan,Not member,NA,-9,No,NA,Dictatorship,0,NA,1938,9,27.2,NA,NA,NA,NA,87.17856598,NA,NA,NA,22,1938,1944 or before,0,0,Uzbekistan
163,Venezuela,43.4,Hybrid,100,5.07,77.17,70.84,93,2472000,29.5,65.1,5.4,2.42,3.889,Latin America/Caribbean,Catholic,3.7,2.7,1.4,0.696,26.1,104.5,29,93.4,0.561,64,238,73.93,25.5,Spain,21.37509274,Legislature and executive are locally elected,87.5,Approx 90%,Yes,1,Yes,Yes,NA,31,19.62174975,NA,NA,NA,Not member,4.5,6,0.496600002,High,Medium,50.3,19,20,74,61.8,5,36.2,47.7,NA,57.2,37.1,Low,357.8,0.376,High,Middle,High,High,High,12804,2,Low,49.1,48.2,High GDP,1945,No,venezuela,Not member,Moderate post-mat,-3,No,Low,Presidential democ,1,14.89999962,776,25.7,NA,5,0,>50%,NA,49.23522568,9.7,18.6,17,17,1946,After 1944,0,100,Venezuela
164,Vietnam,37.8,Authoritarian,130,3.41,74.92,69.72,90.3,300600,25.2,69.3,5.5,1.91,8.611,Asia,Buddhist,5.3,2.8,2.4,0.572,28.5,105.9,89,30.4,0.53,58,239,72.18,56.7,France,99.86241057,Legislature and executive are locally elected,58.3,Approx 60%,No,0,No,No,>1 to 5 members,46,40.18912504,NA,NA,NA,Not member,1.5,2,0.238299996,Low,Low,60.7,27,30,76.1,73.4,20,68.4,58.1,15,68.9,49.8,Low,240.1,0.0436,Low,Low,Low,Low,Low,2785,1,NA,36.1,34.4,Low GDP,1962,No,viet nam,Not member,NA,-7,No,NA,Dictatorship,0,NA,10286,24.2,28.9,84,7.9,<20%,NA,NA,NA,NA,NA,24.4,1946,After 1944,0,0,Vietnam
165,Yemen,37.7,Authoritarian,149,2.79,65.87,61.7,50.2,288400,43,54.4,2.6,4.63,6.944,Asia,Muslim,5.2,1.5,4.2,0.439,17.8,103.9,24.3,31.8,0.853,138,244,63.74,39.1,UK,NA,Legislature is elected but executive is appointed,10.5,10%,No,1,No,No,single member,7,26.00472802,NA,NA,1,Not member,3,4,NA,NA,NA,74.4,23,30,83.2,51.3,45,65.4,65.1,30,76.1,54.4,MidLow,55.3,0.0537,Low,Low,Low,Low,Low,2400,1,Low,33.4,33.4,Low GDP,1991,Yes,yemen,Not member,NA,-2,No,NA,Dictatorship,0,NA,2367,1.6,NA,62,5.3,NA,NA,36.81611633,NA,NA,NA,0.3,1967,After 1944,0,0,Yemen
166,Zambia,50.7,Part Democ,67,6.39,53.63,51.13,80.6,159.5,46.7,50.8,2.5,5.98,0,Africa,Other Christian,1.4,3.6,2,0.395,16.8,101.4,13.3,35.7,0.752,124,245,52.36,24.1,UK,NA,Legislature is elected but executive is appointed,40.8,Approx 40%,No,7,Yes,No,single member,4,24.58628825,1-3 parties,NA,1,Not member,4,8,0.780799985,High,High,66.4,28,50,72.4,82.6,50,57,63.3,30,79.9,58,MidLow,17.1,0.0361,Low,Low,Low,Low,Low,1356,1,NA,52.6,50.8,Low GDP,1980,No,zambia,Not member,NA,7,No,NA,Presidential democ,0,12.5,3400,5.5,68,5,0.5,NA,55.74,36.10775757,12.7,15.2,NA,11.5,1962,After 1944,1,100,Zambia
