"country","democ_status","gini10","lifeex_f","pop_15_64","literacy","oil","fertility","spendhealth","spendmil","sexratio","pop_urban","gdp08","ipu_wom13_all","free_corrupt"
"Algeria",0,35.3,76.31,70.6,69.9,2125000,1.75,3.6,3,104.6,66.5,276,31.6,32
"Angola",0,58.6,39.83,54.1,67.4,1948000,5.97,2,3,99.9,58.5,106.3,34.1,19
"Argentina",1,48.8,80.36,63.6,97.2,796300,2.31,5.1,0.8,103.6,92.4,571.5,37.4,29
"Armenia",1,30.2,77.31,72.4,99.4,0,1.37,2.1,3.3,116.5,64.2,18.7,10.7,29
"Australia",1,35.2,84.35,67.7,99,589200,1.78,6,1.8,105.3,89.1,762.6,24.7,87
"Austria",1,29.1,82.84,67.7,98,21880,1.4,7.7,0.9,105.4,67.6,318.4,27.9,81
"Bangladesh",0,31,71.65,61.1,47.9,5733,2.6,1.1,1,103.6,28.1,213.5,19.7,21
"Belarus",0,28.8,77.18,71.7,99.6,31400,1.26,4.9,1.5,106.1,74.7,118.7,26.6,20
"Belgium",1,33,82.81,66.1,99,11220,1.65,7,1.2,104.8,97.4,369.2,38,73
"Benin",1,38.6,61.14,52.6,34.7,0,5.31,2.5,1.1,103.8,42,12.7,8.4,31
"Bolivia",1,57.2,70.42,60.7,86.7,43740,3,3.4,1.5,104.1,66.6,41.4,25.4,30
"Botswana",0,61,57.3,62.2,81.2,0,2.5,4.3,2.7,101.8,61.1,25.5,7.9,58
"Brazil",1,55,76.27,67,88.6,2572000,2.18,3.5,1.5,104.2,86.5,2000,8.6,35
"Bulgaria",1,29.2,77.41,67.9,98.2,3227,1.42,4.2,2.4,105.7,71.5,94.5,22.9,36
"Burkina Faso",0,39.6,55.71,51.7,21.8,0,6.14,3.4,1.4,103.8,25.7,17.7,15.7,35
"Burundi",1,33.3,60.52,51.6,59.3,0,6.16,5.2,4,100.9,11,3.1,30.5,19
"Cambodia",0,44.2,65.13,64.1,73.6,0,2.84,1.7,1.1,104.1,20.1,28,20.3,18
"Cameroon",0,44.6,55.28,56.2,67.9,77310,4.17,1.3,1.5,101.6,58.4,41.9,13.9,23
"Canada",1,32.6,84.1,68.5,99,3289000,1.58,7.1,1.3,105.1,80.6,1200,24.7,87
"Cape Verde",1,50.4,72.96,61.9,76.6,0,2.49,3.4,0.5,101.6,61.1,1.7,20.8,51
"Central African Republic",0,43.6,51.35,55.3,48.6,0,4.63,1.4,1.6,100,38.9,3.3,12.5,20
"Chad",0,39.8,49.43,51,25.7,115000,5.05,2.7,6.6,101,27.6,16.1,14.9,16
"Chile",1,52,81.13,68.1,95.7,10850,1.88,3.7,3.5,103.8,89,242.4,14.2,69
"China",0,41.5,76.94,73.6,91.6,3991000,1.54,1.9,2,121.2,47,7900,21.3,36
"Colombia",1,58.5,78.03,67.2,90.4,785000,2.15,5.1,3.7,104.3,75.1,395.7,12.1,38
"Costa Rica",1,48.9,80.46,69.1,94.9,0,1.93,5.9,0,104.8,64.4,50.9,38.6,51
"Cote d'Ivoire",0,48.4,57.81,57.2,48.7,58950,3.92,1,1.5,101,50.6,34,10.4,20
"Croatia",1,29,79.6,68.1,98.1,23960,1.43,6.6,1.9,105.8,57.7,84.6,23.8,44
"Cyprus",1,29,80.74,73.4,97.6,0,1.45,3,1.8,106.8,70.3,22.7,10.7,64
"Denmark",1,24.7,81.14,65.3,99,262100,1.74,8.2,1.4,105.8,86.9,201.2,39.1,93
"Djibouti",0,39.9,63.66,61.7,67.9,0,2.71,5.5,3.7,102.2,76.2,1.8,13.8,30
"Ecuador",1,54.4,78.82,63.5,91,485700,2.42,2.3,2.8,104.4,67,107.9,32.3,20
"Egypt",0,32.1,75.38,62.8,71.4,680500,2.97,2.4,2.3,104.7,43.4,441.6,2,28
"El Salvador",1,46.9,76.87,63,81.1,0,2.08,3.6,0.5,104.5,64.3,41.7,26.2,39
"Estonia",1,36,78.97,67.2,99.8,7600,1.44,4.1,2.2,105.6,69.5,27.7,20.8,66
"Ethiopia",0,29.8,58.81,51,42.7,0,6.02,2.2,1.4,101.6,16.7,70.1,27.8,26
"Finland",1,26.9,82.89,66.1,100,8718,1.73,6.1,1.3,104.6,85.1,188.2,42.5,90
"France",1,32.7,84.54,64.7,99,70820,1.96,8.7,2.3,104.3,85.3,2100,26.9,69
"Georgia",1,40.8,80.82,68.3,100,994.9,1.45,1.5,8.5,110.7,52.8,21.4,12,39
"Germany",1,28.3,82.44,66.1,99,156800,1.41,8,1.3,105.4,73.9,2900,32.9,79
"Ghana",1,42.8,62.25,60,57.9,7081,3.48,4.3,0.7,104.5,51.5,33.9,10.3,39
"Greece",1,34.3,82.65,66.2,96,6779,1.38,5.8,3.6,106.6,61.4,330,21,47
"Guatemala",1,53.7,72.83,58,69.1,13530,3.27,2.1,0.4,103.8,49.5,65.1,13.3,31
"Haiti",0,59.5,63.53,60.1,52.9,0,3.07,1.2,0,104.1,52.1,11.5,4.2,14
"Honduras",1,55.3,72.37,59.5,80,0,3.09,4.1,0.8,104.2,51.6,28.7,19.5,26
"Hungary",1,30,78.76,68.2,99.4,21430,1.4,5.2,1.2,105.9,68.1,194,8.8,51
"Iceland",1,26.3,83.17,67.1,99,0,1.89,7.7,0,106,93.4,11.7,39.7,89
"India",1,36.8,67.95,64.9,61,878700,2.62,1.1,2.6,108.5,30,3400,11,34
"Indonesia",1,37.6,73.99,66.5,90.4,1023000,2.25,1.2,1,104.1,44.3,907.3,18.6,26
"Iran",0,38.3,71.61,70.9,77,4172000,1.88,3,2.7,105.2,70.8,839.4,3.1,23
"Ireland",1,34.3,82.55,67.3,99,0,2.02,6.1,0.6,106.4,61.9,197.1,15.1,77
"Israel",1,39.2,83.24,62.2,97.1,3806,2.7,4.5,7,105.9,91.9,201.3,21.7,60
"Italy",1,36,84.53,65.9,98.4,146500,1.39,6.7,1.7,105.5,68.4,1800,21.4,48
"Japan",1,24.9,85.72,64,99,132700,1.21,6.5,0.9,105.5,66.8,4400,7.9,73
"Jordan",0,37.7,81.45,59.9,89.9,0,3.39,5.4,5.9,104.4,78.5,31.2,12,51
"Kazakhstan",0,30.9,74.08,71,99.5,1540000,1.87,2.5,1.2,105.2,58.5,177.4,24.3,22
"Kenya",1,47.7,60.07,55.1,85.1,0,4.19,2,1.9,101.5,22.2,61.3,9.8,21
"Kyrgyzstan",1,33.5,74.24,65.4,98.7,979.1,2.63,3.5,3.7,104.8,34.6,11.5,23.3,18
"Latvia",1,36.3,78.07,69.5,99.7,0,1.32,3.6,1.9,105.5,67.7,38.7,23,50
"Lesotho",0,52.5,51.76,61.1,84.8,0,2.94,3.6,1.6,101.4,26.9,3.2,26.7,32
"Liberia",1,52.6,58.6,52.7,57.5,0,5.13,2.8,0.6,102.1,47.8,1.5,11,24
"Lithuania",1,35.8,80.48,69.7,99.6,6333,1.25,4.5,1.5,105.3,67,63.2,24.5,46
"Madagascar",1,47.2,65.7,53.8,68.9,0,5.02,2.7,1.1,101.4,30.2,20,17.5,34
"Malaysia",0,37.9,76.73,65.4,88.7,693700,2.67,1.9,2,105.8,72.2,383.7,10.4,51
"Mali",1,39,54.26,49.7,46.4,0,6.44,2.9,1.9,102.2,35.9,14.3,10.2,31
"Mauritania",0,39,63.41,56.2,51.2,16510,4.3,1.6,3.7,106.3,41.4,6.2,22.1,28
"Mauritius",1,35.9,78.12,70.7,84.4,0,1.79,2,0.2,103.7,41.8,15.3,18.8,55
"Mexico",1,51.6,79.43,65.2,86.1,3001000,2.29,2.7,0.5,104.3,77.8,1500,36.8,36
"Moldova",1,37.4,75.28,74,99.1,0,1.29,5.2,0.6,105.8,47,10.6,19.8,29
"Morocco",0,40.9,79.11,66.1,52.3,4053,2.21,1.7,3.4,103.7,58.2,137,17,35
"Mozambique",0,47.1,52.57,51.1,47.8,0,5.46,3.5,0.8,101.3,38.4,18.6,39.2,26
"Namibia",0,74.3,51.89,61.7,85,0,2.49,3.2,3.5,101.3,38,13.4,24.4,45
"Nepal",1,47.3,67.44,61.1,48.6,0,2.47,2,2,105.2,18.6,31.8,33.2,27
"Netherlands",1,30.9,82.44,67.4,99,57190,1.66,7.3,1.4,105.2,82.9,671.7,38.7,89
"New Zealand",1,36.2,82.67,66.4,99,61150,2.08,7.1,1.1,105.8,86.2,115.4,32.2,93
"Nicaragua",1,52.3,74.09,63.8,67.5,0,2.12,4.5,0.7,104.3,57.3,15.2,40.2,25
"Nigeria",1,42.9,48.41,55.9,68,2211000,4.73,1.7,0.8,102.6,49.8,315,6.7,27
"Norway",1,25.8,83.02,66,100,2350000,1.77,7.5,1.3,105.4,79.4,277.3,39.6,79
"Pakistan",1,31.2,67.9,60.4,49.9,59140,3.17,0.8,2.6,105.8,35.9,439,22.5,25
"Panama",1,54.9,80.68,64.2,91.9,0,2.45,4.3,0,104.5,74.8,42.4,8.5,34
"Papua New Guinea",1,50.9,68.56,60,57.3,35090,3.46,2.6,0.4,107.8,12.5,14.2,2.7,20
"Paraguay",1,53.2,78.93,65.4,94,30.96,2.11,2.4,0.8,103.9,61.5,29.3,12.5,24
"Peru",1,50.5,74.48,65.1,92.9,157200,2.32,2.5,1.1,104.2,76.9,245.3,21.5,36
"Philippines",1,44,74.74,61.1,92.6,9671,3.19,1.3,0.8,105,48.9,317.1,22.9,23
"Poland",1,34.9,80.25,71.6,99.8,34140,1.3,4.6,2,105.7,61,671.9,23.7,46
"Portugal",1,38.5,82.01,65.8,93.3,4721,1.5,7.1,2,106,60.7,245.1,28.7,61
"Romania",1,32.1,77.66,70.4,97.3,117000,1.29,3.8,1.5,105.9,57.5,302.6,13.3,38
"Russia",0,43.7,73.17,71.8,99.4,10120000,1.42,3.5,3.5,105.5,73.2,2300,13.6,21
"Rwanda",0,46.7,59.52,54.7,70.4,0,4.9,4.9,1.5,98.9,18.9,9.9,56.3,30
"Senegal",1,39.2,61.77,53.9,39.3,0,4.78,3.2,1.6,102.3,42.4,21.6,42.7,34
"Sierra Leone",1,42.5,58.65,54.5,35.1,28.98,4.94,1.4,2.4,100.7,38.4,4.3,12.4,19
"Singapore",0,42.5,84.96,77,92.5,10910,1.11,1,4.1,107.3,100,238.5,24.2,92
"Slovakia",1,25.8,79.93,71.6,99.6,4114,1.37,5.2,1.5,105.5,55,119.4,18.7,50
"South Africa",0,57.8,48.39,65.8,86.4,191000,2.3,3.6,1.3,101.6,61.7,492.2,42.3,49
"Spain",1,34.7,84.37,67.7,97.9,27230,1.47,6.1,1.2,106.4,77.4,1500,36,65
"Sri Lanka",1,41.1,79.38,67.2,90.7,0,2.2,2,3.6,103.7,14.3,91.9,5.8,32
"Sweden",1,25,83.51,64.8,99,4833,1.67,7.4,1.3,105.7,84.7,344.7,44.7,93
"Switzerland",1,33.7,84.05,67.8,99,3488,1.46,6.4,0.9,105.1,73.6,324.6,29,90
"Syria",0,35.8,77.21,61,79.6,400400,2.94,1.6,3.4,104.5,55.7,94.2,12,21
"Thailand",1,42.5,76.08,70.9,92.6,380000,1.66,2.7,1.5,104.6,34,519,15.8,35
"Togo",0,34.4,65.3,56,60.9,0,4.69,1.5,1.9,100.6,43.4,5.4,11.1,27
"Tunisia",0,40.8,77.17,69.3,74.3,91380,2.03,3,1.3,106.7,67.3,82.6,26.7,44
"Turkey",1,41.2,74.49,67.1,87.4,52980,2.15,3.4,2.2,104.1,69.7,1000,14.2,46
"Uganda",0,42.6,54.33,48.1,66.8,0,6.69,1.6,2.3,101.7,13.3,36.9,35,26
"Ukraine",1,27.6,74.75,70.8,99.4,99930,1.28,4,2.7,105.5,68.8,336.4,9.4,25
"United States",1,40.8,80.93,66.8,99,9056000,2.06,7.1,4.3,105.1,82.3,14200,17.8,73
"Uruguay",1,47.1,79.46,64.1,98,40110,1.89,5.9,1.3,104.7,92.5,42.5,12.1,69
"Venezuela",1,43.4,77.17,65.1,93,2472000,2.42,2.7,1.4,104.5,93.4,357.8,17,19
"Vietnam",0,37.8,74.92,69.3,90.3,300600,1.91,2.8,2.4,105.9,30.4,240.1,24.4,27
"Yemen",0,37.7,65.87,54.4,50.2,288400,4.63,1.5,4.2,103.9,31.8,55.3,0.3,23
"Zambia",0,50.7,53.63,50.8,80.6,159.5,5.98,3.6,2,101.4,35.7,17.1,11.5,28
